Team,W,L,ERA,G,GS,CG,ShO,SV,HLD,BS,IP,TBF,H,R,ER,HR,BB,IBB,HBP,WP,BK,SO,Year,WHIP
Braves,95,67,4.06,538,162,13,6,53,,,1440.1,6165,1428,714,649,165,484,52,37,23,6,1093,2000,1.327685577390459
Rangers,71,91,5.52,577,162,3,0,39,,,1429.0,6559,1683,974,876,202,661,40,63,40,6,918,2000,1.6403079076277116
Royals,77,85,5.48,491,162,10,3,29,,,1439.1,6443,1585,930,877,239,693,35,42,77,5,927,2000,1.5829337780557293
Astros,72,90,5.42,572,162,8,1,30,,,1437.2,6455,1596,944,865,234,598,25,60,55,3,1064,2000,1.5265794600612301
Orioles,74,88,5.37,558,162,14,2,33,,,1433.1,6433,1547,913,855,202,665,32,36,51,1,1017,2000,1.543507082548322
Rockies,82,80,5.29,641,162,7,1,33,,,1430.0,6340,1568,897,840,221,588,72,72,40,5,1001,2000,1.5076923076923077
Cubs,65,97,5.26,583,162,10,1,39,,,1454.2,6451,1505,904,850,231,658,45,62,45,4,1143,2000,1.4874157612432952
Blue Jays,83,79,5.17,550,162,15,3,37,,,1437.1,6377,1615,908,826,195,560,19,64,37,3,978,2000,1.513464616241041
Twins,69,93,5.16,574,162,6,2,35,,,1432.2,6336,1634,880,821,212,516,12,35,68,4,1042,2000,1.5011869850579527
Expos,67,95,5.14,614,162,4,2,39,,,1424.2,6340,1575,902,814,181,579,40,60,55,7,1011,2000,1.5124280297710995
Angels,82,80,5.02,603,162,5,2,46,,,1448.0,6401,1534,869,807,228,662,44,36,47,10,846,2000,1.5165745856353592
Pirates,69,93,4.94,628,162,5,2,27,,,1449.0,6514,1554,888,796,163,711,61,60,67,6,1070,2000,1.5631469979296067
Devil Rays,69,92,4.86,562,161,10,3,38,,,1431.1,6283,1553,842,773,198,533,33,66,57,3,955,2000,1.4576200125777374
Indians,90,72,4.84,624,162,6,2,34,,,1442.1,6380,1511,816,775,173,666,45,42,50,3,1213,2000,1.5096040496498164
Phillies,65,97,4.79,575,162,8,3,34,,,1438.2,6314,1458,830,766,201,640,32,42,54,3,1123,2000,1.4587679043248505
Dodgers,86,76,4.1,533,162,9,3,36,,,1445.0,6249,1379,729,659,176,600,22,75,60,6,1154,2000,1.3695501730103807
Tigers,79,83,4.73,591,162,6,1,44,,,1443.1,6295,1583,827,759,177,496,22,47,51,5,978,2000,1.4406486037003674
Mets,94,68,4.16,573,162,8,2,49,,,1450.0,6276,1398,738,671,164,574,42,60,34,7,1164,2000,1.36
Giants,97,65,4.21,546,162,9,4,47,,,1444.1,6270,1452,747,676,151,623,26,41,43,4,1076,2000,1.4368811024167303
Red Sox,85,77,4.24,587,162,7,4,46,,,1452.2,6225,1433,745,684,173,498,40,58,33,2,1121,2000,1.3297066519763117
Diamondbacks,85,77,4.36,552,162,16,4,38,,,1443.2,6158,1441,754,700,190,500,53,42,30,10,1220,2000,1.3449279379157428
Cardinals,95,67,4.4,548,162,10,4,37,,,1433.2,6200,1403,771,701,196,606,28,62,49,9,1100,2000,1.4017583030979626
Reds,85,77,4.33,550,163,8,1,42,,,1456.1,6362,1446,765,700,190,659,53,43,96,5,1015,2000,1.4456424696106038
Mariners,91,71,4.53,545,162,4,4,44,,,1441.2,6269,1442,780,726,167,634,37,38,43,6,998,2000,1.440466278101582
Athletics,91,70,4.58,542,161,7,4,43,,,1435.1,6355,1535,813,730,158,615,57,48,45,1,963,2000,1.4981534387847537
Marlins,79,82,4.59,590,161,5,3,48,,,1429.2,6307,1477,797,729,169,650,56,43,49,10,1051,2000,1.4882451721242653
Brewers,73,89,4.63,596,163,2,1,29,,,1466.1,6497,1501,826,755,174,728,87,65,60,6,967,2000,1.5203601391446697
White Sox,95,67,4.67,628,162,5,2,43,,,1450.1,6337,1509,839,752,195,614,27,54,43,8,1037,2000,1.4640369629680712
Padres,76,86,4.52,605,162,5,0,46,,,1459.1,6414,1443,815,733,191,649,50,68,65,7,1071,2000,1.4337605373175246
Yankees,87,74,4.76,543,161,9,2,40,,,1424.1,6256,1458,814,753,177,577,23,52,49,6,1040,2000,1.4289726845024928
Mets,82,80,4.08,559,162,6,3,48,,,1445.2,6107,1418,713,655,186,438,60,43,53,7,1191,2001,1.2842513146969277
Angels,75,87,4.2,546,162,6,0,43,,,1437.2,6195,1452,730,671,168,525,47,64,46,2,947,2001,1.3755914277762316
Giants,90,72,4.19,601,162,3,1,47,,,1463.1,6294,1437,748,682,145,579,49,33,50,3,1080,2001,1.3778962476932541
Red Sox,82,79,4.18,585,161,3,2,48,,,1448.0,6272,1412,745,672,146,544,50,93,54,7,1259,2001,1.350828729281768
Phillies,86,76,4.16,635,162,8,3,47,,,1445.1,6198,1417,719,668,170,527,60,70,40,6,1086,2001,1.345235623832261
Mariners,116,46,3.54,553,162,8,4,56,,,1465.0,6096,1293,627,576,160,465,28,64,40,1,1051,2001,1.2
Cardinals,93,69,3.96,646,162,8,4,38,,,1435.1,6121,1389,684,631,196,526,36,72,45,6,1083,2001,1.3344017838478155
Diamondbacks,92,70,3.88,583,162,12,5,34,,,1459.2,6090,1352,677,629,195,461,30,59,45,6,1297,2001,1.2424616228070176
Braves,88,74,3.59,573,162,5,5,41,,,1447.1,6089,1363,643,578,153,499,77,33,41,8,1133,2001,1.2867113537419668
Athletics,102,60,3.59,578,162,13,6,44,,,1463.1,6115,1384,645,583,153,440,49,46,42,3,1117,2001,1.24666803362723
Dodgers,86,76,4.25,570,162,3,1,46,,,1450.2,6201,1387,744,685,184,524,37,72,44,11,1212,2001,1.3177492759619363
Yankees,95,65,4.04,523,161,7,3,57,,,1451.1,6174,1429,713,651,158,465,29,55,54,6,1266,2001,1.3052167321342432
Marlins,76,86,4.32,592,162,5,3,32,,,1438.0,6227,1397,744,691,151,617,53,70,40,3,1119,2001,1.400556328233658
Cubs,88,74,4.03,614,162,8,2,41,,,1437.0,6159,1357,701,643,164,550,43,50,48,5,1344,2001,1.3270702853166318
Blue Jays,80,82,4.28,633,162,7,5,41,,,1462.2,6305,1553,753,696,165,490,60,76,33,8,1041,2001,1.3972096840377513
Astros,93,69,4.39,567,162,7,1,48,,,1454.2,6236,1453,769,709,221,486,22,70,42,3,1228,2001,1.3333791775546693
Rockies,73,89,5.29,636,162,8,4,26,,,1430.0,6306,1522,906,841,239,598,71,64,38,1,1058,2001,1.4825174825174825
Pirates,62,100,5.05,572,162,8,2,36,,,1416.1,6222,1493,858,794,167,549,74,80,49,4,908,2001,1.4419885601299345
Tigers,66,96,5.01,553,162,16,1,34,,,1429.1,6361,1624,876,795,180,553,56,73,40,4,859,2001,1.5233363655447485
Devil Rays,62,100,4.96,532,162,1,1,30,,,1423.2,6288,1513,887,784,207,569,21,75,75,7,1030,2001,1.4629005059021922
Royals,65,97,4.87,558,162,5,0,30,,,1440.0,6289,1537,858,779,209,576,26,61,73,2,911,2001,1.4673611111111111
Reds,66,96,4.78,623,162,2,1,35,,,1442.2,6324,1572,850,766,198,515,46,48,53,4,943,2001,1.4470947164054915
Rangers,73,89,5.71,572,162,4,1,37,,,1438.1,6469,1670,968,913,222,596,33,63,70,9,951,2001,1.5756901467213686
Expos,68,94,4.69,653,162,5,3,28,,,1431.1,6250,1509,812,746,190,525,40,61,55,4,1103,2001,1.4212843267416673
Brewers,68,94,4.65,651,162,3,2,28,,,1436.1,6338,1452,806,742,197,667,107,72,58,3,1057,2001,1.4755239885801825
Indians,91,71,4.65,645,162,3,0,42,,,1446.2,6312,1512,821,747,148,573,44,49,58,11,1218,2001,1.4417093071497717
White Sox,83,79,4.55,568,162,8,3,51,,,1433.1,6200,1465,795,725,181,500,38,88,57,5,921,2001,1.3711534435838393
Padres,79,83,4.52,584,162,5,1,46,,,1440.2,6278,1519,812,724,219,476,54,56,46,5,1088,2001,1.3852242744063323
Orioles,63,98,4.7,554,162,10,2,31,,,1432.1,6273,1504,829,748,194,528,28,74,37,5,938,2001,1.41889532853851
Twins,85,77,4.51,564,162,12,5,45,,,1441.1,6187,1494,766,723,192,445,16,56,58,2,965,2001,1.3454999653042816
Cubs,67,95,4.3,552,162,11,3,23,32.0,25.0,1441.1,6236,1373,759,689,167,606,53,58,44,2,1333,2002,1.3732565401429464
Marlins,79,83,4.36,623,162,11,6,36,68.0,19.0,1456.1,6340,1449,763,706,151,631,46,58,55,7,1104,2002,1.428473319140169
Orioles,67,95,4.46,569,162,8,1,31,58.0,15.0,1450.2,6258,1491,773,719,208,549,34,54,54,1,967,2002,1.406702523789822
White Sox,81,81,4.57,585,162,7,4,35,60.0,11.0,1423.0,6131,1422,798,723,190,528,31,60,54,6,945,2002,1.370344342937456
Padres,66,96,4.66,622,162,5,2,40,60.0,23.0,1436.1,6333,1522,815,743,177,582,61,66,51,4,1108,2002,1.4650790334934893
Indians,74,88,4.91,583,162,9,2,34,51.0,19.0,1424.2,6271,1508,837,777,142,603,38,57,52,8,1058,2002,1.4822356410616486
Blue Jays,78,84,4.81,623,162,6,2,41,69.0,29.0,1438.1,6338,1504,828,768,177,590,56,71,57,4,991,2002,1.4560878937486963
Tigers,55,106,4.94,533,161,11,4,33,32.0,21.0,1414.0,6215,1593,864,776,163,463,34,62,59,8,794,2002,1.454031117397454
Rangers,72,90,5.16,649,162,4,2,33,65.0,33.0,1439.2,6446,1528,882,826,194,669,32,76,84,11,1030,2002,1.5265425236242356
Royals,62,100,5.21,583,162,12,4,30,40.0,24.0,1441.0,6386,1587,891,834,212,572,48,52,68,6,909,2002,1.498265093684941
Reds,78,84,4.29,624,162,2,1,42,67.0,15.0,1453.2,6296,1502,774,693,173,550,63,56,52,2,980,2002,1.412056151940545
Brewers,56,106,4.76,608,162,7,3,32,52.0,10.0,1432.1,6339,1468,821,757,199,666,82,62,64,8,1026,2002,1.4901194050694784
Pirates,72,89,4.24,619,161,2,1,47,96.0,19.0,1412.2,6131,1447,730,665,163,572,93,55,34,5,920,2002,1.4296841807109475
Rockies,73,89,5.21,668,162,1,0,43,78.0,16.0,1426.2,6345,1554,898,826,225,582,49,64,42,6,920,2002,1.4976861590239798
Twins,94,67,4.12,596,161,8,5,47,83.0,18.0,1444.2,6133,1454,712,662,184,439,24,45,62,3,1026,2002,1.3107602825093476
Mariners,93,69,4.07,505,162,8,3,43,57.0,21.0,1445.1,6117,1422,699,654,178,441,34,49,42,3,1063,2002,1.2891841395059167
Astros,84,78,4.0,642,162,2,2,43,70.0,15.0,1445.0,6205,1423,695,643,151,546,78,55,38,3,1219,2002,1.3626297577854671
Expos,83,79,3.98,599,162,9,1,39,78.0,20.0,1453.0,6246,1475,718,642,165,508,80,46,51,5,1088,2002,1.364762560220234
Diamondbacks,98,64,3.93,584,162,14,5,40,58.0,19.0,1446.2,6067,1361,674,631,170,421,30,54,48,11,1303,2002,1.2321947171898768
Mets,75,86,3.91,612,161,9,6,36,62.0,15.0,1442.2,6212,1408,703,626,163,543,75,55,22,7,1107,2002,1.3527943419775343
Red Sox,93,69,3.75,500,162,5,3,51,40.0,17.0,1446.0,6049,1339,665,603,146,430,29,84,31,6,1157,2002,1.223374827109267
Cardinals,97,65,3.7,634,162,4,2,42,82.0,21.0,1446.1,6135,1355,648,595,141,547,39,60,40,2,1009,2002,1.3152617384689855
Dodgers,92,70,3.69,585,162,4,2,56,78.0,15.0,1457.2,6139,1311,643,598,165,555,45,46,33,3,1132,2002,1.2805380181169366
Athletics,103,59,3.69,570,162,9,5,48,86.0,21.0,1452.0,6158,1391,654,595,135,474,45,62,40,9,1021,2002,1.284435261707989
Angels,99,63,3.69,562,162,7,2,54,66.0,17.0,1452.1,6097,1345,644,595,169,509,24,49,52,7,999,2002,1.276771572205771
Giants,95,66,3.55,579,162,10,5,43,70.0,17.0,1437.1,6056,1349,616,567,116,523,44,36,36,2,992,2002,1.3026233386681512
Braves,101,59,3.13,630,161,3,2,57,79.0,14.0,1467.1,6131,1302,565,511,123,554,63,42,40,4,1058,2002,1.2650807715902121
Phillies,80,81,4.17,611,161,5,3,47,78.0,24.0,1449.2,6222,1381,724,671,153,570,54,70,68,5,1075,2002,1.346260005520287
Yankees,103,58,3.89,495,161,9,5,53,46.0,16.0,1452.0,6159,1441,697,627,144,403,44,48,59,2,1135,2002,1.2699724517906337
Devil Rays,55,106,5.29,467,161,12,1,25,24.0,21.0,1440.1,6424,1567,918,847,215,620,24,94,62,10,925,2002,1.5186445385737102
Athletics,96,66,3.63,526,162,16,5,48,53.0,12.0,1441.2,6078,1336,643,582,140,499,42,54,41,10,1018,2003,1.2732445184568415
Rangers,71,91,5.69,656,162,4,2,43,74.0,20.0,1433.1,6413,1625,969,906,208,603,45,63,51,8,1009,2003,1.5546716907403533
Tigers,43,119,5.32,613,162,3,0,27,44.0,19.0,1438.2,6376,1616,928,850,195,557,35,56,52,5,764,2003,1.5109164233069114
Rockies,74,88,5.24,662,162,3,0,34,76.0,20.0,1420.0,6364,1629,892,826,200,552,51,84,48,8,866,2003,1.5359154929577465
Reds,69,93,5.09,637,162,4,1,38,60.0,26.0,1446.1,6423,1578,886,818,209,590,61,48,46,3,932,2003,1.4992047576239542
Royals,83,79,5.07,570,162,7,3,36,62.0,28.0,1438.2,6366,1569,867,810,190,566,33,66,60,9,865,2003,1.4844945070226672
Brewers,68,94,5.03,622,162,5,1,44,59.0,27.0,1452.0,6459,1590,873,811,219,575,43,61,57,8,1034,2003,1.491046831955923
Devil Rays,63,99,4.93,534,162,7,3,30,56.0,25.0,1436.2,6340,1454,852,787,196,639,37,95,65,9,877,2003,1.457317922294945
Orioles,71,91,4.76,588,163,9,1,41,66.0,21.0,1449.2,6366,1579,820,767,198,526,43,80,42,4,981,2003,1.452525531327629
Blue Jays,86,76,4.69,605,162,14,4,35,64.0,17.0,1435.0,6270,1560,826,748,184,485,46,57,56,2,984,2003,1.4250871080139373
Pirates,75,87,4.65,619,162,7,3,44,77.0,24.0,1444.1,6293,1527,801,746,178,502,58,61,50,2,926,2003,1.4050273526764074
Cardinals,85,77,4.62,622,162,9,3,41,72.0,30.0,1463.2,6375,1544,796,751,210,508,36,65,53,1,969,2003,1.4024056861673044
Mets,66,95,4.5,573,161,3,3,38,59.0,15.0,1413.1,6204,1497,754,706,168,576,71,45,45,7,907,2003,1.46698747434718
Red Sox,95,67,4.49,599,162,5,0,36,46.0,21.0,1464.2,6355,1503,809,731,153,488,41,76,44,0,1141,2003,1.3597869143559622
Padres,64,98,4.87,635,162,2,0,31,60.0,18.0,1431.1,6303,1458,831,775,208,611,52,62,64,3,1091,2003,1.4457410383620992
Angels,77,85,4.28,537,162,5,2,39,56.0,13.0,1431.1,6161,1444,743,681,190,486,38,76,53,3,980,2003,1.348612955069527
Twins,90,72,4.41,561,162,7,3,45,65.0,19.0,1461.2,6246,1526,758,716,187,402,35,50,62,9,997,2003,1.3194634546947714
Giants,100,61,3.73,622,161,7,4,43,77.0,17.0,1437.1,6090,1349,638,595,136,546,34,43,68,8,1006,2003,1.3186277920812748
Mariners,93,69,3.76,528,162,8,3,38,48.0,14.0,1441.0,6025,1340,637,602,173,466,24,54,35,4,1001,2003,1.2532963219986122
Cubs,88,74,3.83,582,162,13,6,36,62.0,15.0,1456.1,6227,1304,683,619,143,617,36,71,63,3,1404,2003,1.3192775221482043
Diamondbacks,84,78,3.84,614,162,7,5,42,47.0,13.0,1455.0,6230,1379,685,621,150,526,53,72,52,9,1291,2003,1.309278350515464
Astros,87,75,3.87,664,162,1,0,50,91.0,14.0,1450.0,6176,1350,677,623,161,565,53,74,40,4,1139,2003,1.3206896551724139
Expos,83,79,4.01,599,162,15,2,42,67.0,18.0,1437.2,6171,1467,716,641,181,463,51,71,71,4,1028,2003,1.3428889507375452
Dodgers,85,77,3.16,600,162,3,3,58,81.0,8.0,1457.2,6001,1254,556,511,127,526,35,40,50,5,1289,2003,1.2215207246774635
Marlins,91,71,4.04,557,162,7,2,36,48.0,14.0,1445.1,6165,1415,692,649,128,530,40,40,51,11,1132,2003,1.3459276174659194
Phillies,86,76,4.06,599,162,9,7,33,56.0,18.0,1443.2,6195,1386,697,651,142,536,51,77,53,4,1060,2003,1.3317627494456763
Braves,101,61,4.1,651,162,4,1,51,75.0,20.0,1456.1,6247,1425,740,663,147,555,69,42,53,4,992,2003,1.3597967172584302
White Sox,86,76,4.17,523,162,12,0,36,33.0,17.0,1431.0,6067,1364,715,663,162,518,30,53,39,4,1056,2003,1.3151642208245982
Indians,68,94,4.21,590,162,5,2,34,52.0,25.0,1459.1,6254,1477,778,682,179,501,37,64,49,7,943,2003,1.355630182989514
Yankees,101,61,4.03,530,163,8,3,49,57.0,18.0,1462.0,6209,1512,716,655,145,375,36,49,33,0,1119,2003,1.2906976744186047
Phillies,86,76,4.47,638,162,4,4,43,82.0,25.0,1462.2,6308,1488,781,726,214,502,60,66,40,3,1070,2004,1.3609629325673642
Rangers,89,73,4.54,630,162,5,2,52,76.0,14.0,1439.2,6345,1536,794,727,182,547,29,81,34,11,979,2004,1.447331851028349
Yankees,101,61,4.69,598,162,1,0,59,70.0,17.0,1443.2,6240,1532,808,752,182,445,32,60,57,4,1058,2004,1.3698725055432373
Orioles,78,84,4.71,614,162,8,4,27,54.0,20.0,1455.1,6459,1488,830,761,159,687,43,62,68,9,1090,2004,1.4947426293725519
Mariners,63,99,4.76,576,162,7,2,28,42.0,21.0,1459.1,6389,1498,823,772,212,575,32,72,45,7,1036,2004,1.4207388115961894
Indians,80,82,4.82,641,162,8,3,32,55.0,28.0,1466.2,6450,1553,857,785,201,579,47,62,43,6,1115,2004,1.454099031510026
Blue Jays,67,94,4.93,592,161,6,4,37,47.0,16.0,1421.0,6281,1505,823,778,181,608,47,58,60,11,956,2004,1.4869809992962701
White Sox,83,79,4.91,561,162,8,2,34,57.0,12.0,1432.1,6189,1505,831,782,224,527,36,48,43,3,1013,2004,1.41889532853851
Tigers,72,90,4.93,594,162,7,4,35,58.0,28.0,1439.2,6296,1542,844,788,190,530,33,54,71,6,995,2004,1.4396887159533074
Diamondbacks,51,111,4.98,633,162,5,2,33,55.0,22.0,1436.0,6418,1480,899,795,197,668,79,75,71,8,1153,2004,1.4958217270194987
Royals,58,104,5.16,571,162,6,2,25,48.0,22.0,1420.1,6320,1638,905,815,208,518,49,56,60,10,887,2004,1.5182029434546864
Reds,76,86,5.21,659,162,5,2,47,80.0,30.0,1443.2,6451,1595,907,836,236,572,55,54,74,3,992,2004,1.5015243902439024
Devil Rays,70,91,4.82,562,161,3,0,35,46.0,10.0,1417.0,6261,1459,842,759,192,580,35,93,55,7,923,2004,1.438955539872971
Rockies,68,94,5.54,635,162,3,0,36,67.0,34.0,1435.1,6535,1634,923,883,198,697,84,71,66,6,947,2004,1.6242770538638422
Giants,91,71,4.34,683,162,8,5,46,87.0,28.0,1457.0,6321,1481,770,703,161,548,35,47,52,2,1020,2004,1.3925875085792725
Pirates,72,89,4.31,625,161,3,2,46,76.0,23.0,1428.0,6197,1451,744,684,149,576,64,63,45,3,1079,2004,1.419467787114846
Expos,67,95,4.33,624,162,11,4,31,59.0,18.0,1447.0,6307,1477,769,696,191,582,78,79,43,2,1032,2004,1.42294402211472
Braves,96,66,3.75,645,162,4,1,48,71.0,20.0,1450.0,6218,1475,668,604,154,523,50,27,36,6,1025,2004,1.3779310344827587
Cubs,89,73,3.83,622,162,3,2,42,68.0,24.0,1465.1,6262,1363,665,623,169,545,33,76,50,9,1346,2004,1.302300184287762
Dodgers,93,69,4.01,621,162,2,2,51,57.0,9.0,1453.1,6155,1386,684,647,178,521,47,54,43,2,1066,2004,1.3123666643727205
Padres,87,75,4.03,599,162,3,2,44,76.0,20.0,1441.0,6135,1460,705,645,184,422,39,48,27,2,1079,2004,1.3060374739764053
Twins,92,70,4.04,597,162,4,4,48,48.0,20.0,1476.0,6269,1523,715,663,167,431,27,54,45,1,1123,2004,1.3238482384823849
Cardinals,105,57,3.75,631,162,4,2,57,89.0,16.0,1453.2,6104,1378,659,605,169,440,24,67,42,4,1041,2004,1.2510322047894302
Marlins,83,79,4.1,566,162,6,3,53,54.0,22.0,1439.0,6110,1395,700,655,166,513,61,51,35,3,1116,2004,1.3259207783182765
Mets,71,91,4.1,636,162,2,2,31,70.0,21.0,1449.0,6333,1452,731,660,156,592,70,49,30,8,977,2004,1.4106280193236715
Athletics,91,71,4.17,576,162,10,3,35,71.0,28.0,1471.1,6313,1466,742,682,164,544,49,68,39,5,1034,2004,1.3663245190673647
Red Sox,98,64,4.19,599,162,4,1,36,53.0,13.0,1451.1,6222,1430,768,676,159,447,28,92,39,1,1132,2004,1.2935014816346222
Brewers,67,94,4.26,584,161,6,1,42,59.0,22.0,1442.0,6204,1440,757,683,164,476,27,51,59,5,1098,2004,1.3287101248266298
Astros,92,70,4.05,655,162,2,2,47,74.0,23.0,1443.0,6201,1416,698,650,174,525,61,68,45,3,1282,2004,1.345114345114345
Angels,92,70,4.28,505,162,2,2,50,54.0,17.0,1454.1,6246,1476,734,692,170,502,27,44,61,7,1164,2004,1.360291589299223
Dodgers,71,91,4.38,620,162,6,4,40,66.0,19.0,1427.1,6113,1434,755,695,182,471,34,64,36,6,1004,2005,1.334874921168804
Pirates,67,95,4.44,613,162,4,3,35,59.0,12.0,1436.0,6264,1456,769,708,162,612,65,65,53,4,958,2005,1.4401114206128134
Mariners,69,93,4.49,595,162,6,2,39,73.0,20.0,1427.2,6172,1483,751,712,179,496,32,57,36,4,892,2005,1.3866311659192825
Tigers,71,91,4.52,587,162,7,0,37,56.0,20.0,1435.2,6139,1504,787,721,193,461,33,51,53,5,907,2005,1.3691471571906355
Yankees,95,67,4.54,580,162,8,4,46,69.0,21.0,1430.2,6182,1495,789,721,164,463,25,84,37,6,985,2005,1.369039295203468
Diamondbacks,77,85,4.87,620,162,6,1,45,64.0,17.0,1456.1,6402,1580,856,788,193,537,43,62,58,5,1038,2005,1.4538836618364124
Red Sox,95,67,4.74,604,162,6,0,38,59.0,19.0,1429.0,6227,1550,805,753,164,440,28,89,56,4,959,2005,1.3925822253324003
Rangers,79,83,4.97,616,162,2,1,46,48.0,22.0,1440.0,6371,1589,858,795,159,522,31,60,44,4,932,2005,1.4659722222222222
Rockies,67,95,5.14,621,162,4,1,37,68.0,26.0,1418.2,6385,1600,862,810,175,604,54,84,65,6,981,2005,1.5540826399661543
Reds,73,89,5.18,654,163,2,0,31,63.0,16.0,1433.0,6397,1657,889,824,219,492,47,80,53,3,955,2005,1.4996510816468946
Giants,75,87,4.35,673,162,4,0,46,89.0,28.0,1444.1,6280,1456,745,698,151,592,42,42,38,3,972,2005,1.4181843362648017
Orioles,74,88,4.56,636,162,2,0,38,70.0,19.0,1427.2,6242,1458,800,724,180,580,32,52,70,11,1052,2005,1.4279708520179373
Phillies,88,74,4.21,604,162,4,0,40,78.0,23.0,1435.0,6119,1379,726,672,189,487,51,72,36,9,1159,2005,1.3003484320557492
Mets,83,79,3.77,554,162,8,3,38,49.0,21.0,1435.2,6121,1390,648,602,135,491,43,56,32,4,1012,2005,1.31061872909699
Marlins,83,79,4.19,611,162,14,8,42,55.0,18.0,1442.1,6236,1459,732,671,116,563,57,65,45,3,1125,2005,1.4021219055543999
Padres,82,80,4.13,618,162,4,3,45,70.0,20.0,1455.1,6253,1452,726,668,146,503,45,46,36,3,1133,2005,1.3435502714590064
Blue Jays,80,82,4.06,594,162,9,3,35,66.0,21.0,1447.0,6166,1475,705,653,185,444,29,68,39,5,958,2005,1.3261921216309607
Braves,90,72,3.98,646,162,8,3,38,73.0,24.0,1443.2,6186,1487,674,639,145,520,52,32,42,5,929,2005,1.390659645232816
Brewers,81,81,3.98,557,162,7,2,46,61.0,21.0,1438.0,6208,1382,697,636,169,569,52,45,66,8,1173,2005,1.3567454798331016
Nationals,81,81,3.87,632,162,4,1,51,69.0,18.0,1458.0,6286,1456,673,627,140,539,77,72,49,8,997,2005,1.368312757201646
Twins,83,79,3.72,558,162,9,4,44,52.0,16.0,1464.1,6072,1458,662,606,169,348,38,43,35,4,965,2005,1.2335223003893176
Athletics,88,74,3.7,572,162,9,2,38,47.0,18.0,1450.1,6080,1315,658,596,154,504,42,60,41,3,1075,2005,1.2543962485345839
Angels,95,67,3.68,541,162,7,3,54,55.0,17.0,1464.1,6158,1419,643,598,158,443,24,48,70,1,1126,2005,1.2717710538897617
White Sox,99,63,3.61,574,162,9,4,54,79.0,19.0,1475.2,6176,1392,645,592,167,459,42,52,65,9,1040,2005,1.2547451193058567
Indians,93,69,3.61,571,162,6,0,51,74.0,15.0,1452.2,6048,1363,642,582,157,413,20,41,26,4,1050,2005,1.2229720424183996
Astros,89,73,3.52,597,163,6,2,45,66.0,13.0,1443.0,6023,1336,609,564,155,440,29,59,38,8,1164,2005,1.2307692307692308
Cardinals,100,62,3.49,598,162,15,7,48,86.0,17.0,1445.2,6047,1399,634,560,153,443,27,60,41,5,974,2005,1.2745640741765845
Cubs,79,83,4.19,619,162,8,2,39,69.0,19.0,1440.0,6185,1357,714,671,186,576,48,50,57,7,1256,2005,1.3423611111111111
Devil Rays,67,95,5.4,563,162,1,0,43,66.0,26.0,1421.2,6384,1570,936,853,194,615,41,64,53,5,949,2005,1.5374331550802138
Royals,56,106,5.56,605,162,4,0,25,55.0,18.0,1413.1,6370,1640,935,873,178,580,33,74,69,9,924,2005,1.5710140825136227
Padres,88,74,3.88,637,162,4,2,50,81.0,21.0,1463.2,6175,1385,679,631,176,468,63,50,34,4,1097,2006,1.2664024056861674
Angels,89,73,4.04,542,162,5,3,50,50.0,13.0,1452.2,6149,1410,732,652,158,471,27,50,85,3,1164,2006,1.295276132764082
Astros,82,80,4.09,659,162,5,2,42,75.0,18.0,1468.2,6219,1425,719,668,182,480,65,54,44,2,1160,2006,1.2975071516142214
Mets,97,65,4.16,636,162,5,3,43,73.0,15.0,1461.1,6240,1402,731,675,180,527,39,62,37,5,1161,2006,1.3202381767161728
Athletics,93,69,4.22,606,162,5,2,54,83.0,20.0,1451.2,6279,1525,727,680,162,529,47,55,43,4,1003,2006,1.415380374862183
Dodgers,88,74,4.23,616,162,1,0,40,56.0,21.0,1460.1,6289,1524,751,686,152,492,40,41,54,8,1068,2006,1.3807273474419561
Marlins,78,84,4.37,600,162,6,2,41,69.0,27.0,1433.1,6294,1465,772,696,166,622,58,74,47,4,1088,2006,1.4562835810480776
Blue Jays,87,75,4.37,644,162,6,1,42,87.0,20.0,1428.1,6151,1447,754,694,185,504,56,59,53,13,1076,2006,1.3661508297738254
Yankees,97,65,4.43,651,162,5,1,43,83.0,17.0,1443.2,6215,1463,767,710,170,496,41,59,46,7,1019,2006,1.35740022172949
Indians,78,84,4.43,539,162,13,6,24,40.0,23.0,1423.1,6190,1583,782,701,166,429,35,51,46,2,948,2006,1.4138149111095497
Diamondbacks,76,86,4.49,623,162,8,4,34,75.0,20.0,1459.2,6341,1503,788,728,168,536,44,61,53,4,1115,2006,1.3973410087719298
Reds,80,82,4.53,638,162,9,3,36,49.0,24.0,1445.2,6319,1576,801,728,213,464,55,60,40,9,1053,2006,1.4115693329642955
Cardinals,83,78,4.54,630,161,6,3,38,73.0,19.0,1429.2,6196,1475,762,721,193,504,35,80,35,3,970,2006,1.3846907360761265
Pirates,67,95,4.55,667,162,2,1,39,72.0,21.0,1435.0,6354,1545,797,725,156,620,62,70,61,6,1060,2006,1.5087108013937283
Braves,79,83,4.6,684,162,6,2,38,56.0,29.0,1441.1,6350,1529,805,736,183,572,69,55,39,2,1049,2006,1.4579140934008745
Mariners,78,84,4.6,591,162,6,2,47,72.0,20.0,1446.2,6294,1500,792,739,183,560,50,53,47,6,1067,2006,1.4244226248098464
Rangers,80,82,4.61,651,162,3,1,42,79.0,23.0,1431.1,6237,1558,784,733,162,496,18,66,34,4,972,2006,1.4352595905247711
Phillies,85,77,4.61,662,162,4,2,42,85.0,22.0,1460.1,6366,1561,812,748,211,512,63,62,58,4,1138,2006,1.4197657694678447
White Sox,90,72,4.61,560,162,5,2,46,64.0,17.0,1449.0,6232,1534,794,743,200,433,59,58,51,1,1012,2006,1.357487922705314
Giants,76,85,4.64,599,161,7,3,37,68.0,22.0,1429.2,6225,1422,790,737,153,584,37,70,50,7,992,2006,1.4035824237335572
Rockies,76,86,4.66,661,162,5,4,34,76.0,25.0,1447.1,6318,1549,812,749,155,553,81,66,43,2,952,2006,1.4525602929997927
Cubs,66,96,4.74,704,162,2,1,29,68.0,17.0,1439.0,6366,1396,834,758,210,687,44,67,68,4,1250,2006,1.4475330090340515
Red Sox,86,76,4.83,616,162,3,1,46,80.0,23.0,1441.1,6292,1570,825,773,181,509,25,68,52,3,1070,2006,1.4426479772396088
Brewers,75,87,4.83,589,162,7,5,43,59.0,24.0,1425.2,6210,1454,833,765,177,514,34,74,57,2,1145,2006,1.3808588268313218
Devil Rays,61,101,4.97,606,162,3,2,33,47.0,21.0,1420.1,6374,1600,856,784,180,606,39,63,70,8,979,2006,1.5534117315681994
Nationals,71,91,5.03,679,162,1,1,32,62.0,23.0,1436.1,6424,1535,872,803,193,584,93,92,47,10,960,2006,1.4755239885801825
Orioles,70,92,5.35,634,162,5,1,35,58.0,21.0,1419.0,6327,1579,899,844,216,613,26,48,59,4,1016,2006,1.5447498238195914
Royals,62,100,5.67,635,162,3,2,35,66.0,31.0,1426.1,6434,1648,971,899,213,637,45,60,85,9,904,2006,1.6022719304396607
Twins,96,66,3.95,583,162,1,0,40,68.0,10.0,1439.1,6066,1490,683,632,182,356,25,36,40,3,1164,2006,1.2827461607949413
Tigers,95,67,3.85,552,162,3,1,46,75.0,16.0,1448.0,6145,1420,675,620,160,489,35,53,44,2,1003,2006,1.3183701657458564
Padres,89,74,3.72,648,163,1,0,45,76.0,22.0,1484.2,6254,1406,666,614,119,474,48,48,42,6,1136,2007,1.266675650181916
Devil Rays,66,96,5.53,645,162,2,1,28,58.0,21.0,1429.2,6403,1649,944,879,199,568,31,63,55,2,1194,2007,1.551217464315701
Blue Jays,83,79,4.0,582,162,11,2,44,64.0,25.0,1448.2,6108,1383,699,644,157,479,34,55,42,3,1067,2007,1.285734014638862
Cubs,85,77,4.04,640,162,2,1,39,67.0,14.0,1446.2,6186,1340,690,650,165,573,46,59,42,3,1211,2007,1.3227769326510856
Indians,96,66,4.05,557,162,9,4,49,71.0,14.0,1462.2,6206,1519,704,659,146,410,42,56,42,2,1047,2007,1.3192449733278622
Braves,84,78,4.11,690,162,1,1,36,64.0,15.0,1456.1,6263,1442,733,665,172,537,89,42,48,5,1106,2007,1.3591099512396128
Diamondbacks,90,72,4.13,631,162,7,4,51,85.0,15.0,1441.0,6216,1446,732,662,169,546,38,61,48,9,1088,2007,1.3823733518390007
Twins,79,83,4.18,600,162,5,3,38,65.0,14.0,1436.2,6133,1505,725,667,185,420,33,51,46,5,1094,2007,1.3403425706726082
Giants,71,91,4.2,658,162,5,0,37,86.0,23.0,1453.2,6299,1442,720,678,133,593,41,47,49,4,1057,2007,1.400357830993669
Dodgers,82,80,4.2,645,162,4,0,43,73.0,17.0,1450.0,6196,1443,727,677,146,518,34,38,44,5,1184,2007,1.3524137931034483
Angels,94,68,4.23,558,162,5,3,43,74.0,14.0,1435.0,6161,1480,731,674,151,477,22,51,69,5,1156,2007,1.3637630662020905
Mets,88,74,4.27,661,162,2,2,39,78.0,17.0,1452.1,6293,1415,750,689,165,570,40,61,36,3,1134,2007,1.3669857447834173
Athletics,76,86,4.3,608,162,4,1,36,66.0,25.0,1448.0,6247,1468,758,692,138,530,60,43,52,4,1036,2007,1.3798342541436464
Rockies,90,73,4.32,692,163,4,1,39,80.0,29.0,1472.0,6293,1497,758,706,164,504,61,59,35,8,967,2007,1.359375
Brewers,83,79,4.44,654,162,3,0,49,95.0,20.0,1444.1,6285,1513,776,713,161,507,37,52,57,2,1174,2007,1.3987950972924315
Yankees,94,68,4.5,684,162,1,0,34,71.0,21.0,1450.2,6308,1498,777,725,150,578,33,60,59,6,1009,2007,1.4315266859743483
Royals,69,93,4.5,610,162,2,0,36,74.0,18.0,1437.1,6253,1547,778,719,168,520,54,41,56,4,993,2007,1.438313269779417
Nationals,73,89,4.58,750,162,0,0,46,95.0,27.0,1446.2,6333,1502,783,736,187,580,44,42,52,4,931,2007,1.4396349052689807
Tigers,88,74,4.58,605,162,1,1,44,73.0,21.0,1447.1,6345,1498,797,737,174,566,41,68,75,8,1047,2007,1.4263008776173036
Cardinals,78,84,4.67,678,162,2,0,34,63.0,11.0,1435.2,6283,1514,829,745,168,509,25,73,39,6,945,2007,1.4095596432552955
Astros,73,89,4.7,638,162,2,1,38,65.0,25.0,1464.2,6417,1566,813,765,206,510,62,63,40,3,1109,2007,1.4178390930200793
Rangers,75,87,4.76,629,162,0,0,42,80.0,14.0,1430.0,6389,1525,844,756,155,668,38,70,66,4,976,2007,1.5335664335664336
Phillies,89,73,4.76,660,162,5,2,42,90.0,21.0,1458.1,6385,1555,821,772,198,558,62,72,46,3,1050,2007,1.4491461490981414
Mariners,88,74,4.77,618,162,6,4,43,74.0,15.0,1434.1,6313,1578,813,760,147,546,39,62,59,10,1020,2007,1.4810682658113103
White Sox,72,90,4.77,625,162,9,4,42,73.0,23.0,1440.2,6293,1556,839,764,174,499,50,59,45,0,1015,2007,1.4268851548396055
Pirates,68,94,4.94,657,162,4,2,32,68.0,19.0,1447.2,6374,1627,846,795,174,518,55,76,45,3,997,2007,1.4821724709784412
Reds,72,90,4.95,684,162,6,2,34,59.0,28.0,1449.2,6354,1605,853,798,198,482,47,73,54,5,1068,2007,1.4401048854540435
Marlins,71,91,4.96,722,162,0,0,40,106.0,24.0,1443.2,6544,1617,891,795,176,661,60,76,67,9,1142,2007,1.5784368070953436
Orioles,69,93,5.19,652,162,4,1,30,78.0,25.0,1438.2,6418,1491,868,829,161,696,37,72,55,8,1087,2007,1.5206508135168961
Red Sox,96,66,3.87,613,162,5,3,45,78.0,11.0,1438.2,6071,1350,657,618,151,482,20,62,33,0,1149,2007,1.2738144903351412
Rangers,79,83,5.37,619,162,6,2,36,73.0,28.0,1442.0,6506,1647,967,860,176,625,44,72,62,9,963,2008,1.5755894590846047
Blue Jays,86,76,3.49,583,162,15,5,44,72.0,12.0,1446.2,6067,1330,610,561,134,467,42,67,51,4,1184,2008,1.242566726593832
Royals,75,87,4.5,601,162,2,0,44,59.0,16.0,1445.2,6214,1473,781,723,159,515,15,41,68,5,1085,2008,1.3755881538887351
Pirates,67,95,5.1,659,162,3,2,34,65.0,22.0,1455.0,6528,1631,884,824,176,657,31,49,64,9,963,2008,1.572508591065292
Tigers,74,88,4.91,602,162,1,0,34,60.0,28.0,1445.0,6411,1541,857,788,172,644,63,68,65,7,991,2008,1.5121107266435987
Rockies,74,88,4.77,647,162,3,1,36,59.0,23.0,1446.0,6338,1547,822,766,148,562,49,53,61,7,1041,2008,1.45850622406639
Mariners,61,101,4.73,631,162,4,0,36,57.0,31.0,1435.1,6368,1544,811,754,161,626,37,53,60,5,1016,2008,1.5120897498432166
Nationals,59,102,4.66,678,161,2,0,28,66.0,28.0,1434.0,6310,1496,825,743,190,588,44,51,59,8,1063,2008,1.4532775453277544
Reds,74,88,4.55,669,162,2,1,34,58.0,21.0,1442.1,6352,1542,800,729,201,557,40,67,52,7,1227,2008,1.455516261008252
Braves,72,90,4.47,707,162,2,1,26,76.0,18.0,1440.2,6244,1439,778,715,156,586,80,42,42,5,1076,2008,1.406054714622969
Indians,81,81,4.46,561,162,10,5,31,51.0,20.0,1437.0,6164,1530,761,712,170,444,28,51,44,5,986,2008,1.3736951983298538
Marlins,84,77,4.44,672,161,2,1,36,87.0,24.0,1435.1,6271,1421,767,708,161,586,66,58,59,4,1127,2008,1.3985088147167446
Padres,63,99,4.41,653,162,3,0,30,55.0,26.0,1458.1,6286,1466,764,714,165,561,61,38,43,4,1100,2008,1.3901652835882314
Astros,86,75,4.39,649,161,4,3,48,80.0,17.0,1425.1,6125,1453,743,695,197,492,53,50,22,9,1095,2008,1.3648165041049751
Giants,72,90,4.38,640,162,4,2,41,56.0,19.0,1442.0,6341,1416,759,701,147,652,59,70,77,7,1240,2008,1.434119278779473
Yankees,89,73,4.28,637,162,1,0,42,79.0,9.0,1441.2,6175,1478,727,686,143,489,37,51,55,5,1141,2008,1.364834859839023
Orioles,68,93,5.15,653,161,4,1,35,56.0,24.0,1422.0,6414,1538,869,814,184,687,44,80,72,7,922,2008,1.5646976090014064
Twins,88,75,4.18,648,163,5,2,42,75.0,23.0,1459.0,6221,1568,745,677,183,406,38,31,45,4,995,2008,1.3529814941740919
Cardinals,86,76,4.2,668,162,2,1,42,106.0,31.0,1454.0,6264,1517,725,679,163,496,21,51,50,2,957,2008,1.3844566712517195
Dodgers,84,78,3.68,623,162,5,4,35,61.0,20.0,1447.1,6127,1381,648,592,123,480,58,48,47,4,1205,2008,1.2860203164950592
Rays,97,65,3.82,610,162,7,5,52,80.0,16.0,1457.2,6145,1349,671,618,166,526,29,46,52,3,1143,2008,1.286714246500137
Brewers,90,72,3.87,607,162,12,6,45,68.0,26.0,1455.2,6209,1415,689,626,175,528,32,42,53,5,1110,2008,1.33521165475536
Phillies,92,70,3.89,630,162,4,3,47,80.0,15.0,1449.2,6229,1444,680,627,160,533,64,57,34,3,1081,2008,1.3642009384487992
Diamondbacks,82,80,3.99,606,162,6,2,39,68.0,23.0,1434.2,6119,1403,706,636,147,451,41,68,59,3,1229,2008,1.2927067354622785
Cubs,97,64,3.87,639,161,2,1,44,74.0,24.0,1450.2,6194,1329,671,624,160,548,45,65,48,7,1264,2008,1.2943042338987725
Angels,100,62,4.0,545,162,7,1,66,74.0,23.0,1451.1,6161,1455,697,645,160,457,32,63,50,2,1106,2008,1.3176211150161947
Red Sox,95,67,4.01,628,162,5,2,47,66.0,22.0,1446.1,6180,1369,694,645,147,548,17,68,43,2,1185,2008,1.3256344651130627
Athletics,75,86,4.01,602,161,4,1,33,68.0,19.0,1435.0,6112,1364,690,640,135,576,45,54,30,4,1061,2008,1.3519163763066202
Mets,89,73,4.07,719,162,5,2,43,99.0,29.0,1464.1,6338,1415,715,663,163,590,53,70,55,4,1181,2008,1.3694419780069669
White Sox,89,74,4.11,626,163,4,0,34,74.0,18.0,1457.2,6218,1471,729,665,156,460,42,48,54,3,1147,2008,1.325144111995608
Mets,70,92,4.46,673,162,3,2,39,75.0,21.0,1426.0,6284,1452,757,707,158,616,60,55,41,10,1031,2009,1.450210378681627
Rangers,87,75,4.38,598,162,8,3,45,77.0,13.0,1434.2,6172,1432,740,699,171,531,14,70,45,8,1016,2009,1.3687072932645377
Diamondbacks,70,92,4.44,645,162,4,1,36,46.0,19.0,1447.2,6267,1470,782,714,168,525,27,53,79,2,1158,2009,1.378524046434494
Angels,97,65,4.45,596,162,9,6,51,79.0,19.0,1445.0,6252,1513,761,715,180,523,35,58,67,2,1062,2009,1.4089965397923876
Padres,75,87,4.37,689,162,2,1,45,92.0,23.0,1450.2,6273,1422,769,705,167,603,58,45,52,8,1187,2009,1.3963591228796028
Blue Jays,75,87,4.47,607,162,10,4,25,50.0,16.0,1451.0,6281,1509,771,720,181,551,26,58,43,4,1181,2009,1.419710544452102
Indians,65,97,5.07,607,162,5,2,25,49.0,18.0,1434.0,6354,1570,865,808,183,598,31,45,49,7,986,2009,1.511854951185495
Astros,74,88,4.54,659,162,5,1,39,83.0,26.0,1430.0,6237,1521,770,722,176,546,56,50,43,4,1144,2009,1.4454545454545455
Pirates,62,99,4.59,617,161,5,2,28,62.0,17.0,1418.1,6144,1491,768,724,152,563,37,47,52,3,919,2009,1.4484168958465553
Royals,65,97,4.83,588,162,10,5,34,50.0,22.0,1426.0,6265,1486,842,765,166,600,28,51,89,6,1153,2009,1.4628330995792427
Brewers,80,82,4.84,674,162,1,0,44,89.0,22.0,1435.0,6352,1498,818,772,207,607,60,65,61,1,1104,2009,1.4668989547038327
Nationals,59,103,5.02,694,162,6,1,33,62.0,25.0,1424.1,6349,1533,874,794,173,629,59,48,74,5,911,2009,1.5181518151815183
Rays,84,78,4.36,672,162,3,3,41,79.0,22.0,1427.1,6146,1421,754,691,183,515,22,46,46,5,1125,2009,1.3565972952140706
Twins,87,76,4.5,643,163,4,1,48,82.0,16.0,1453.0,6274,1542,765,726,185,466,20,58,43,3,1052,2009,1.381968341362698
Red Sox,95,67,4.35,625,162,8,2,41,72.0,18.0,1436.2,6283,1494,736,695,167,530,24,68,42,5,1230,2009,1.4092744743071994
Giants,88,74,3.55,619,162,11,3,41,70.0,17.0,1446.0,6103,1268,611,571,140,584,49,41,71,3,1302,2009,1.280774550484094
Marlins,87,75,4.32,692,162,5,1,45,93.0,24.0,1446.1,6299,1425,766,694,160,601,60,45,59,5,1248,2009,1.4010096120600235
Athletics,75,87,4.29,650,162,2,2,38,68.0,12.0,1447.1,6243,1486,761,690,156,523,30,36,43,2,1124,2009,1.3882938290373852
Yankees,103,59,4.28,623,162,3,1,51,74.0,15.0,1450.0,6247,1386,753,689,181,574,28,71,66,5,1260,2009,1.3517241379310345
Rockies,92,70,4.24,646,162,5,2,45,73.0,16.0,1438.1,6171,1427,715,677,141,528,51,46,48,5,1154,2009,1.3594325846603157
Reds,78,84,4.18,640,162,6,4,41,80.0,12.0,1458.1,6253,1420,723,677,188,577,36,65,45,1,1069,2009,1.3695905630615186
Phillies,93,69,4.16,621,162,8,5,44,81.0,22.0,1455.2,6263,1479,709,673,189,489,31,75,28,2,1153,2009,1.3523914238592634
White Sox,79,83,4.16,577,162,4,1,36,55.0,18.0,1439.2,6155,1438,732,665,169,507,41,41,55,5,1119,2009,1.351445247359644
Mariners,85,77,3.87,572,162,4,2,49,82.0,28.0,1452.2,6159,1359,692,625,172,534,13,43,61,5,1043,2009,1.3035394573750172
Cubs,83,78,3.84,641,161,3,2,40,75.0,18.0,1445.1,6177,1329,672,617,160,586,46,59,60,6,1272,2009,1.3251678084561622
Cardinals,91,71,3.66,643,162,8,4,43,72.0,14.0,1440.2,6087,1407,640,586,123,460,23,53,43,5,1049,2009,1.2963477294820163
Braves,86,76,3.57,650,162,3,0,38,71.0,21.0,1462.2,6208,1399,641,581,119,530,59,49,40,6,1232,2009,1.3192449733278622
Orioles,64,98,5.16,646,162,2,0,31,61.0,22.0,1429.0,6359,1633,876,820,218,546,45,51,31,7,933,2009,1.5248425472358293
Dodgers,95,67,3.41,688,162,1,1,44,77.0,26.0,1473.1,6182,1265,611,559,127,584,68,57,76,2,1272,2009,1.2551761591202228
Tigers,86,77,4.34,602,163,4,1,42,67.0,24.0,1447.0,6240,1449,745,698,182,594,42,41,48,6,1102,2009,1.4118866620594333
Diamondbacks,65,97,4.81,616,162,3,1,35,48.0,24.0,1432.0,6260,1503,836,765,210,548,38,58,82,4,1070,2010,1.4322625698324023
Orioles,66,96,4.59,616,162,3,0,35,71.0,27.0,1436.1,6262,1508,785,733,186,520,45,59,45,5,1007,2010,1.4121579277209109
Mets,79,83,3.73,653,162,8,4,36,62.0,16.0,1453.0,6245,1438,652,602,135,545,55,52,48,5,1106,2010,1.364762560220234
Royals,67,95,4.97,603,162,7,1,44,64.0,21.0,1436.2,6333,1553,845,794,176,551,28,47,55,7,1035,2010,1.4649770226987884
Giants,92,70,3.36,638,162,6,3,57,65.0,16.0,1461.0,6159,1279,583,546,134,578,58,51,74,4,1331,2010,1.271047227926078
Padres,90,72,3.41,661,162,2,2,49,111.0,15.0,1456.1,6058,1305,581,551,139,517,51,28,29,5,1295,2010,1.2512876862852826
Braves,91,71,3.57,652,162,2,0,41,77.0,17.0,1439.1,6052,1326,629,571,126,505,64,49,42,3,1241,2010,1.2723229796400528
Cardinals,86,76,3.57,617,162,7,3,32,59.0,11.0,1453.2,6137,1412,641,577,133,477,32,48,42,4,1094,2010,1.299889898155794
Athletics,81,81,3.58,585,162,7,3,38,65.0,13.0,1431.2,6011,1315,626,570,153,512,29,38,42,8,1070,2010,1.2765511458915595
Phillies,97,65,3.68,613,162,14,6,40,61.0,19.0,1456.1,6095,1402,640,596,168,416,42,57,26,5,1183,2010,1.248540622210013
Pirates,57,105,5.0,679,162,1,1,31,67.0,17.0,1411.2,6300,1567,866,785,167,538,40,66,56,10,1026,2010,1.4916383219954648
Rays,96,66,3.78,653,162,6,3,51,79.0,16.0,1453.2,6103,1347,649,611,175,478,34,46,60,9,1189,2010,1.2558491604734379
Rangers,90,72,3.93,643,162,7,0,46,83.0,20.0,1455.1,6213,1355,687,636,162,551,24,63,56,4,1181,2010,1.3098756099237168
Mariners,61,101,3.95,520,162,11,2,38,36.0,17.0,1438.0,6091,1402,698,631,157,452,33,40,73,11,973,2010,1.2892906815020861
Dodgers,80,82,4.01,637,162,4,4,41,70.0,18.0,1441.2,6141,1323,692,643,134,539,75,58,58,8,1274,2010,1.2919789064668332
Reds,91,71,4.02,664,162,4,2,43,74.0,20.0,1453.0,6182,1404,685,649,158,524,32,50,48,6,1130,2010,1.3269098417068135
Twins,94,68,3.95,627,162,9,3,40,75.0,18.0,1452.2,6106,1493,671,638,155,383,19,47,41,4,1048,2010,1.291833080842859
Yankees,95,67,4.06,592,162,3,0,39,76.0,18.0,1442.1,6102,1349,693,650,179,540,37,62,69,6,1154,2010,1.3098952915886555
Brewers,77,85,4.59,657,162,3,3,35,86.0,21.0,1439.0,6324,1487,804,734,173,582,42,48,71,3,1258,2010,1.4378040305767894
Indians,69,93,4.3,632,162,10,2,34,73.0,16.0,1433.0,6224,1477,752,684,147,572,36,66,54,3,967,2010,1.42986741102582
Tigers,81,81,4.29,578,162,6,1,32,60.0,13.0,1444.1,6198,1445,743,688,142,537,29,65,75,9,1056,2010,1.372481130115643
Angels,80,82,4.04,572,162,10,3,39,63.0,17.0,1449.1,6252,1422,702,651,148,565,33,46,80,6,1130,2010,1.3711959147056794
Blue Jays,85,77,4.23,617,162,5,2,45,69.0,17.0,1440.2,6165,1407,728,677,150,539,35,60,69,3,1184,2010,1.3512012220524927
Red Sox,89,73,4.19,605,162,3,1,44,65.0,25.0,1456.2,6267,1402,744,678,152,580,30,53,58,3,1207,2010,1.361076775168246
Cubs,75,87,4.24,644,162,1,0,40,68.0,14.0,1436.2,6298,1409,767,677,154,605,42,65,46,6,1268,2010,1.402311655758251
Nationals,69,93,4.13,656,162,2,1,37,73.0,20.0,1435.0,6214,1469,742,659,151,512,57,46,33,7,1068,2010,1.3804878048780487
White Sox,88,74,4.09,569,162,6,2,43,57.0,14.0,1446.1,6180,1471,704,658,136,490,41,34,59,9,1149,2010,1.3560611299356893
Marlins,80,82,4.09,643,162,5,2,39,86.0,25.0,1438.1,6217,1433,717,654,134,549,42,51,49,4,1168,2010,1.3782073569292819
Astros,76,86,4.09,669,162,4,2,45,82.0,15.0,1439.1,6221,1446,729,654,140,548,39,40,57,9,1210,2010,1.3855882148565075
Rockies,83,79,4.14,675,162,6,2,35,82.0,21.0,1442.0,6143,1405,717,663,139,525,54,56,77,12,1234,2010,1.3384188626907074
Mets,77,85,4.19,676,162,6,2,43,75.0,24.0,1448.0,6316,1482,742,674,147,514,48,70,46,7,1126,2011,1.3784530386740332
Tigers,95,67,4.04,583,162,4,2,52,60.0,10.0,1440.0,6108,1406,711,647,149,492,34,52,69,5,1115,2011,1.3180555555555555
Pirates,72,90,4.05,711,162,5,3,43,92.0,22.0,1449.1,6317,1513,712,652,152,535,65,62,60,6,1031,2011,1.4132910082119938
White Sox,79,83,4.1,572,162,6,4,42,72.0,20.0,1460.0,6188,1463,706,665,147,439,50,44,55,4,1220,2011,1.3027397260273972
Reds,79,83,4.16,663,162,4,2,39,73.0,22.0,1467.2,6259,1414,720,678,185,539,47,59,51,13,1112,2011,1.3311068702290076
Red Sox,90,72,4.2,606,162,2,1,36,75.0,16.0,1457.1,6242,1366,737,680,156,540,11,90,58,7,1213,2011,1.3080776885594676
Marlins,72,90,3.95,670,162,7,4,40,69.0,19.0,1459.2,6200,1403,702,641,149,500,72,37,43,10,1218,2011,1.304139254385965
Blue Jays,81,81,4.33,636,162,7,3,33,50.0,26.0,1458.2,6286,1433,761,701,179,540,28,77,73,3,1169,2011,1.3530379920449869
Cubs,71,91,4.34,657,162,4,1,40,86.0,24.0,1434.1,6262,1439,756,692,162,580,45,53,51,5,1224,2011,1.4078516142528417
Rockies,73,89,4.44,679,162,5,2,41,97.0,23.0,1447.2,6215,1471,774,714,176,522,47,48,65,7,1118,2011,1.3771420674405748
Royals,71,91,4.45,582,162,2,0,37,58.0,22.0,1451.1,6280,1487,762,717,163,557,42,58,69,7,1080,2011,1.4085865894838399
Astros,56,106,4.51,665,162,2,0,25,50.0,26.0,1435.0,6268,1477,796,719,188,560,59,53,39,9,1191,2011,1.4195121951219511
Indians,80,82,4.24,645,162,2,0,38,78.0,16.0,1453.1,6235,1482,760,685,153,463,34,60,42,3,1024,2011,1.3385176519165922
Mariners,67,95,3.91,513,162,12,3,39,39.0,16.0,1433.0,6014,1369,675,623,145,436,27,51,68,6,1088,2011,1.2595952547103977
Phillies,102,60,3.02,556,162,18,7,47,56.0,10.0,1477.0,6069,1320,529,496,120,404,41,47,23,6,1299,2011,1.167230873392011
Rangers,96,66,3.79,579,162,10,7,38,65.0,20.0,1441.1,6021,1327,677,607,170,461,21,46,43,6,1179,2011,1.2407188952883215
Cardinals,90,72,3.79,630,162,7,5,47,68.0,26.0,1462.0,6211,1461,692,615,136,448,44,46,48,3,1098,2011,1.3057455540355678
Yankees,97,65,3.73,627,162,5,3,47,95.0,16.0,1458.1,6216,1423,657,605,152,507,43,58,67,3,1222,2011,1.323640353885193
Athletics,74,88,3.71,622,162,6,1,39,65.0,18.0,1447.2,6159,1380,679,597,136,519,24,41,53,3,1160,2011,1.3121890547263682
Brewers,96,66,3.64,596,162,1,1,47,74.0,19.0,1441.2,6048,1348,638,583,147,440,16,33,70,5,1257,2011,1.240632805995004
Rays,91,71,3.58,600,162,15,5,32,51.0,12.0,1449.0,6010,1263,614,577,161,504,38,46,45,3,1143,2011,1.2194616977225672
Nationals,80,81,3.58,664,161,3,2,49,98.0,28.0,1449.1,6141,1403,643,577,129,477,43,52,49,6,1049,2011,1.2973569801946037
Angels,86,76,3.57,548,162,12,6,39,58.0,25.0,1465.0,6124,1388,633,581,142,476,34,36,55,4,1058,2011,1.2723549488054609
Dodgers,82,79,3.56,622,161,7,2,40,63.0,13.0,1432.0,5997,1287,612,567,132,507,48,43,50,7,1265,2011,1.2527932960893855
Braves,89,73,3.49,672,162,3,2,52,99.0,25.0,1479.2,6220,1332,605,573,125,521,73,53,61,5,1332,2011,1.2527041644131962
Padres,71,91,3.43,651,162,0,0,44,82.0,18.0,1449.1,6065,1324,611,552,125,521,56,37,45,6,1139,2011,1.2732040576909807
Giants,86,76,3.21,642,162,3,2,52,81.0,14.0,1468.0,6130,1260,578,523,96,559,46,50,42,4,1316,2011,1.2391008174386922
Twins,63,99,4.6,619,162,7,3,32,59.0,20.0,1421.2,6210,1564,804,726,161,480,37,54,47,5,940,2011,1.4382212215029553
Diamondbacks,94,68,3.8,625,162,5,1,58,75.0,13.0,1443.1,6102,1414,662,609,159,442,16,53,39,7,1058,2011,1.2861201579932091
Orioles,69,93,4.92,640,162,3,1,32,59.0,19.0,1446.2,6332,1568,860,791,210,535,42,45,32,4,1044,2011,1.454155718434518
Red Sox,69,93,4.72,651,162,6,2,35,76.0,22.0,1443.0,6209,1449,806,757,190,529,33,66,42,11,1176,2012,1.3707553707553708
Rockies,64,98,5.22,737,162,0,0,36,73.0,27.0,1422.0,6384,1637,890,824,198,566,61,47,94,6,1144,2012,1.549226441631505
Blue Jays,73,89,4.64,657,162,5,4,29,72.0,15.0,1443.2,6216,1439,784,745,204,574,20,55,56,7,1142,2012,1.3948170731707317
Astros,55,107,4.57,703,162,3,2,31,70.0,19.0,1423.1,6238,1493,794,722,173,540,40,48,75,6,1170,2012,1.4285714285714286
Cubs,61,101,4.51,655,162,1,0,28,56.0,21.0,1413.2,6140,1399,759,708,175,573,36,65,44,5,1128,2012,1.3954146617605434
Royals,72,90,4.3,662,162,2,1,44,78.0,20.0,1451.1,6251,1504,746,693,163,542,44,60,49,8,1177,2012,1.4099648542485013
Brewers,83,79,4.22,674,162,0,0,44,81.0,29.0,1453.2,6245,1458,733,682,169,525,20,31,57,5,1402,2012,1.3645747316267547
Marlins,69,93,4.1,645,162,5,3,38,88.0,22.0,1440.2,6186,1448,724,657,133,495,61,55,36,4,1113,2012,1.349118178030829
Mets,74,88,4.09,667,162,7,5,36,66.0,19.0,1434.0,6086,1368,709,652,161,488,29,40,40,3,1240,2012,1.294281729428173
White Sox,85,77,4.02,628,162,6,2,37,65.0,21.0,1445.2,6098,1365,676,646,186,503,29,68,66,9,1246,2012,1.2925546637143648
Rangers,93,69,4.02,590,162,7,2,43,61.0,9.0,1442.0,6067,1378,707,644,175,446,15,41,53,8,1286,2012,1.2649098474341194
Angels,89,73,4.02,606,162,6,5,38,80.0,22.0,1433.1,6034,1339,699,640,186,483,20,40,38,2,1157,2012,1.27136975786756
Padres,76,86,4.01,691,162,4,3,43,98.0,17.0,1434.2,6151,1356,710,640,162,539,48,48,49,8,1205,2012,1.32129410124111
Diamondbacks,81,81,3.94,623,162,4,2,39,68.0,20.0,1433.2,6063,1432,688,628,155,417,18,51,52,10,1200,2012,1.2901200111638291
Twins,66,96,4.77,661,162,3,1,35,63.0,14.0,1438.2,6214,1536,832,762,198,465,43,57,60,2,943,2012,1.3913224864413851
Indians,68,94,4.79,656,162,2,1,43,81.0,13.0,1442.0,6283,1503,845,767,174,543,27,55,67,6,1086,2012,1.418862690707351
Phillies,81,81,3.86,602,162,5,4,42,78.0,19.0,1451.1,6072,1387,680,622,178,409,33,44,30,3,1385,2012,1.2376817586658397
Yankees,95,67,3.85,647,162,6,2,51,87.0,13.0,1445.1,6085,1401,668,619,190,431,32,49,53,9,1318,2012,1.2677323368625009
Tigers,88,74,3.77,582,162,9,3,40,73.0,16.0,1430.2,6045,1409,670,599,151,438,35,42,46,6,1318,2012,1.2914277723395329
Mariners,75,87,3.76,613,162,8,6,43,61.0,19.0,1456.2,6062,1359,651,609,166,449,39,49,61,5,1166,2012,1.2415876939980772
Cardinals,88,74,3.71,668,162,4,2,42,105.0,22.0,1462.2,6158,1420,648,603,134,436,28,50,46,4,1218,2012,1.2693202024346875
Giants,94,68,3.68,688,162,5,4,53,102.0,13.0,1451.0,6138,1361,649,593,142,489,42,51,54,4,1237,2012,1.2749827705031014
Athletics,94,68,3.5,624,162,1,0,47,79.0,17.0,1470.0,6131,1360,614,571,147,462,34,46,40,5,1136,2012,1.239455782312925
Braves,94,68,3.42,622,162,5,4,47,81.0,13.0,1445.1,5991,1310,600,549,145,464,40,41,54,3,1232,2012,1.227596706110304
Dodgers,86,76,3.35,668,162,2,2,40,81.0,19.0,1449.2,6068,1277,597,540,122,539,62,45,46,2,1276,2012,1.2531051614683963
Reds,97,65,3.34,587,162,9,2,56,73.0,18.0,1453.0,6056,1356,588,540,152,427,33,51,34,7,1248,2012,1.227116311080523
Nationals,98,64,3.34,644,162,3,1,51,105.0,17.0,1468.1,6133,1296,594,545,129,497,32,47,62,4,1325,2012,1.2213064505142701
Rays,90,72,3.19,634,162,7,4,50,77.0,8.0,1459.2,6000,1233,577,518,139,469,35,54,59,4,1383,2012,1.1663925438596492
Orioles,93,69,3.9,654,162,1,1,55,67.0,18.0,1483.0,6278,1433,705,642,184,481,36,53,34,6,1177,2012,1.2906271072151045
Pirates,79,83,3.91,645,162,2,1,45,92.0,14.0,1433.1,6097,1357,674,623,153,490,30,45,45,3,1192,2012,1.2888144581676089
Astros,51,111,4.79,610,162,2,1,32,70.0,29.0,1440.0,6370,1530,848,767,191,616,32,56,61,6,1084,2013,1.4902777777777778
Twins,66,96,4.55,673,162,1,1,40,77.0,18.0,1450.1,6257,1591,788,734,168,458,31,44,50,4,985,2013,1.4130059995862356
Dodgers,92,70,3.25,666,162,7,4,46,83.0,19.0,1450.1,6032,1321,582,524,127,460,44,43,66,3,1292,2013,1.228191159230398
Pirates,94,68,3.27,627,162,3,0,55,86.0,15.0,1470.2,6147,1299,577,535,101,515,26,70,81,6,1261,2013,1.2338457352741123
Reds,90,72,3.38,623,162,5,2,43,78.0,16.0,1473.2,6077,1294,589,554,170,435,28,66,44,5,1296,2013,1.1736356231333152
Cardinals,97,65,3.43,645,162,7,4,44,83.0,20.0,1459.2,6104,1366,596,556,112,451,26,64,33,1,1254,2013,1.2452028508771928
Royals,86,76,3.45,589,162,5,2,52,85.0,21.0,1448.1,6049,1366,601,555,155,469,21,41,60,4,1208,2013,1.2671776810993716
Athletics,96,66,3.56,609,162,6,4,46,64.0,21.0,1452.0,6069,1339,625,574,163,428,23,35,56,1,1183,2013,1.2169421487603307
Nationals,86,76,3.59,602,162,6,4,47,79.0,21.0,1445.2,6038,1367,626,576,142,405,17,48,43,8,1236,2013,1.2261278715748685
Tigers,93,69,3.61,590,162,3,1,39,68.0,16.0,1462.2,6119,1369,624,587,128,462,29,42,63,7,1428,2013,1.252222678156203
Rangers,91,72,3.63,638,163,4,2,46,74.0,11.0,1463.1,6146,1370,636,590,157,498,35,48,68,5,1309,2013,1.2767411660173604
Marlins,62,100,3.71,633,162,2,1,36,52.0,17.0,1460.0,6166,1376,646,602,121,526,58,47,53,2,1177,2013,1.3027397260273972
Rays,92,71,3.74,648,163,9,3,42,85.0,18.0,1464.0,6083,1315,646,608,153,482,38,52,69,6,1310,2013,1.2274590163934427
Mets,74,88,3.78,697,162,4,2,40,68.0,18.0,1476.2,6249,1442,684,621,152,458,38,54,47,3,1209,2013,1.2870884703969652
Red Sox,97,65,3.79,612,162,5,2,33,73.0,24.0,1454.0,6143,1366,656,613,156,524,10,47,47,5,1294,2013,1.299862448418157
Braves,96,66,3.18,628,162,1,0,53,91.0,16.0,1450.1,5989,1326,548,512,127,409,35,51,50,3,1232,2013,1.1964692090200677
Brewers,74,88,3.84,663,162,4,2,40,83.0,23.0,1442.2,6100,1401,687,615,175,466,29,43,51,2,1125,2013,1.2945499930661488
Indians,92,70,3.82,702,162,3,3,38,78.0,22.0,1441.1,6154,1359,662,611,147,554,26,58,71,3,1379,2013,1.3274581916591492
Rockies,74,88,4.44,665,162,1,0,35,82.0,18.0,1436.0,6248,1545,760,708,136,517,52,40,62,15,1064,2013,1.435933147632312
Phillies,73,89,4.34,628,162,6,2,32,55.0,16.0,1436.1,6213,1465,749,692,152,506,33,62,48,6,1199,2013,1.372467098391477
Mariners,71,91,4.32,610,162,4,2,43,65.0,23.0,1465.0,6256,1467,754,703,174,478,48,42,74,1,1297,2013,1.3276450511945392
Angels,78,84,4.24,658,162,4,2,41,79.0,17.0,1457.2,6298,1475,737,687,167,533,36,45,74,4,1200,2013,1.3779851770518803
Orioles,85,77,4.2,635,162,2,1,57,80.0,27.0,1453.0,6144,1438,709,678,202,473,32,50,38,3,1169,2013,1.315209910529938
Blue Jays,74,88,4.26,649,162,4,2,39,62.0,19.0,1452.0,6250,1451,756,688,195,500,33,65,54,7,1208,2013,1.34366391184573
Cubs,66,96,4.0,651,162,3,1,39,63.0,26.0,1448.0,6149,1332,689,643,160,540,43,62,59,4,1184,2013,1.292817679558011
White Sox,63,99,4.0,632,162,5,1,40,89.0,20.0,1455.0,6214,1424,723,646,182,509,24,60,62,4,1249,2013,1.3285223367697594
Padres,76,86,3.98,650,162,3,1,40,75.0,13.0,1455.0,6179,1407,700,643,156,525,31,40,51,2,1171,2013,1.3278350515463917
Yankees,85,77,3.94,590,162,7,3,49,67.0,13.0,1447.1,6128,1452,671,634,171,437,34,51,57,1,1233,2013,1.305369359408472
Diamondbacks,81,81,3.92,689,162,6,2,38,64.0,29.0,1495.0,6338,1460,695,651,176,485,42,60,84,3,1218,2013,1.3010033444816054
Giants,76,86,4.0,686,162,2,2,41,81.0,13.0,1447.1,6163,1380,691,643,145,521,64,50,60,4,1256,2013,1.3136618063713634
Cubs,73,89,3.92,699,162,1,1,37,81.0,21.0,1463.1,6208,1398,707,638,115,504,37,55,64,3,1311,2014,1.2999794955915522
Yankees,84,78,3.75,637,162,5,2,48,85.0,21.0,1453.0,6114,1392,664,605,164,398,23,65,49,6,1370,2014,1.2319339298004128
Marlins,77,85,3.79,649,162,3,3,42,70.0,22.0,1457.2,6217,1481,674,614,114,458,35,49,56,4,1190,2014,1.3306340927806752
Phillies,73,89,3.81,623,162,2,0,40,57.0,16.0,1468.1,6261,1396,687,621,134,521,43,69,49,1,1255,2014,1.305769361760098
Blue Jays,83,79,4.0,611,162,3,2,45,78.0,18.0,1443.0,6150,1400,686,642,151,490,23,57,43,5,1199,2014,1.3097713097713097
Rangers,67,95,4.49,638,162,6,4,33,68.0,14.0,1426.1,6195,1510,773,712,160,505,43,61,61,7,1110,2014,1.4129443938012762
Tigers,90,72,4.01,635,162,5,4,41,72.0,16.0,1454.0,6191,1475,705,648,127,462,34,42,43,9,1244,2014,1.3321870701513068
Astros,70,92,4.14,600,162,7,2,31,65.0,25.0,1438.2,6154,1437,723,662,139,484,32,52,57,7,1137,2014,1.3356973995271868
Diamondbacks,64,98,4.26,650,162,2,1,35,75.0,20.0,1444.1,6162,1467,742,683,154,469,43,51,50,5,1278,2014,1.3406273803753204
White Sox,73,89,4.3,615,162,3,0,36,68.0,21.0,1441.0,6255,1468,758,688,140,557,42,69,75,3,1152,2014,1.4052741151977792
Brewers,82,80,3.67,640,162,3,3,45,76.0,20.0,1457.2,6106,1386,657,594,167,431,20,42,44,2,1246,2014,1.2469118858083996
Red Sox,71,91,4.01,655,162,3,2,36,63.0,18.0,1465.2,6231,1458,715,653,154,482,19,47,51,5,1213,2014,1.324051324051324
Reds,76,86,3.59,590,162,5,3,44,69.0,19.0,1446.0,6067,1282,612,576,163,507,33,69,45,5,1290,2014,1.2372060857538036
Mets,79,83,3.49,651,162,1,1,42,73.0,22.0,1463.2,6170,1370,618,568,141,509,38,50,56,1,1303,2014,1.2841716785128485
Indians,85,77,3.57,735,162,6,4,40,76.0,22.0,1468.1,6193,1398,653,583,135,464,51,58,56,2,1450,2014,1.2683059737075133
Rays,77,85,3.56,656,162,3,1,37,75.0,19.0,1463.2,6131,1292,625,579,145,482,27,58,65,3,1437,2014,1.2124111536358666
Royals,89,73,3.51,613,162,3,2,53,75.0,12.0,1450.2,6101,1386,624,565,128,440,14,56,58,6,1168,2014,1.259136670804027
Cardinals,90,72,3.5,647,162,8,5,55,95.0,17.0,1448.2,6069,1321,603,564,123,470,35,61,44,5,1221,2014,1.2367076370667034
Giants,88,74,3.5,637,162,8,3,46,81.0,18.0,1449.0,5947,1305,614,564,133,389,35,57,49,6,1211,2014,1.1690821256038648
Pirates,88,74,3.49,614,162,2,1,48,90.0,24.0,1456.1,6130,1341,631,565,128,499,43,88,71,3,1228,2014,1.2636494746239957
Orioles,96,66,3.44,641,162,3,2,53,97.0,19.0,1461.1,6104,1342,593,558,151,472,25,59,42,2,1174,2014,1.2415303538429951
Dodgers,94,68,3.4,658,162,7,3,47,89.0,14.0,1464.2,6075,1338,617,554,142,429,35,41,64,4,1373,2014,1.2068023494058189
Braves,79,83,3.38,634,162,5,2,54,81.0,13.0,1455.0,6087,1369,597,547,121,472,36,37,75,1,1301,2014,1.2652920962199312
Padres,77,85,3.27,643,162,4,3,41,75.0,8.0,1438.2,6006,1300,577,523,117,462,32,46,57,4,1284,2014,1.2251425392852175
Athletics,88,74,3.22,603,162,7,3,31,61.0,21.0,1463.1,5971,1269,572,524,147,406,28,48,59,1,1244,2014,1.1448294716697425
Mariners,87,75,3.17,659,162,2,1,51,86.0,11.0,1452.0,5974,1240,554,512,137,463,36,52,80,8,1317,2014,1.1728650137741048
Twins,70,92,4.58,653,162,2,0,38,68.0,20.0,1435.0,6212,1588,777,730,147,408,24,45,50,6,1031,2014,1.3909407665505227
Angels,98,64,3.58,705,162,3,2,46,81.0,16.0,1482.2,6179,1307,630,590,126,504,41,63,74,4,1342,2014,1.221832411280529
Rockies,66,96,4.86,709,162,1,1,24,74.0,26.0,1431.0,6248,1528,818,772,173,531,32,54,72,8,1074,2014,1.4388539482879106
Nationals,96,66,3.03,620,162,5,4,45,93.0,17.0,1470.2,6020,1351,555,495,110,352,26,51,37,2,1288,2014,1.158345803292069
Yankees,87,75,4.03,659,162,3,0,48,80.0,12.0,1457.2,6191,1416,698,653,182,474,16,56,78,4,1370,2015,1.2970079604721383
Braves,67,95,4.41,694,162,3,2,44,82.0,26.0,1425.1,6156,1462,760,699,170,550,45,53,53,9,1148,2015,1.4118307487193882
Reds,64,98,4.35,683,162,2,1,35,63.0,21.0,1453.1,6271,1436,754,702,177,544,42,58,54,11,1252,2015,1.3626040878122636
Red Sox,78,84,4.34,637,162,3,1,40,63.0,20.0,1448.1,6224,1486,753,698,178,478,17,62,79,10,1218,2015,1.3562599268006355
Brewers,68,94,4.28,658,162,1,0,40,73.0,14.0,1435.0,6148,1432,737,682,176,517,36,55,71,5,1260,2015,1.3581881533101046
Rangers,88,74,4.25,660,162,5,3,45,94.0,17.0,1442.2,6215,1459,733,682,171,508,29,63,51,5,1095,2015,1.363888503674941
Mariners,76,86,4.16,671,162,6,5,45,100.0,24.0,1463.0,6223,1430,726,677,181,491,41,70,72,5,1283,2015,1.3130553656869446
Athletics,68,94,4.16,649,162,5,3,28,41.0,25.0,1444.2,6128,1402,729,668,172,474,19,47,62,4,1179,2015,1.298989059687024
Padres,74,88,4.09,678,162,1,0,41,63.0,17.0,1440.1,6093,1371,731,655,171,516,35,54,54,3,1393,2015,1.3103256718283454
Twins,83,79,4.07,682,162,2,0,45,76.0,15.0,1443.0,6139,1506,700,653,163,413,34,41,54,2,1046,2015,1.3298683298683298
Orioles,81,81,4.05,615,162,0,0,43,54.0,15.0,1434.2,6085,1406,693,646,174,483,27,54,46,0,1233,2015,1.3171105842978663
Diamondbacks,79,83,4.05,712,162,1,1,44,85.0,21.0,1466.2,6257,1450,713,660,182,500,45,48,51,3,1215,2015,1.3299686263811212
Marlins,71,91,4.04,648,162,0,0,35,80.0,21.0,1427.0,6050,1374,678,640,141,508,25,52,53,3,1152,2015,1.3188507358093904
Tigers,74,87,4.64,666,161,7,4,35,49.0,24.0,1447.0,6188,1491,803,746,193,489,32,46,60,8,1100,2015,1.3683483068417415
Rockies,68,94,5.04,746,162,4,1,36,99.0,25.0,1426.1,6308,1579,844,799,183,579,42,48,66,6,1112,2015,1.513217866909754
Angels,85,77,3.94,680,162,2,2,46,82.0,21.0,1440.2,6096,1355,675,631,166,466,45,71,61,4,1221,2015,1.2644077211498403
Blue Jays,93,69,3.81,631,162,7,2,34,60.0,22.0,1441.0,5984,1353,670,610,173,397,20,59,62,4,1117,2015,1.2144344205412907
Rays,80,82,3.74,692,162,1,1,60,113.0,27.0,1453.1,6069,1314,642,604,175,477,23,46,81,5,1355,2015,1.2325373339756385
Royals,95,67,3.74,655,162,2,1,56,79.0,20.0,1452.0,6112,1372,641,603,155,489,10,52,62,2,1160,2015,1.2816804407713498
Giants,84,78,3.73,719,162,7,4,41,116.0,15.0,1444.1,6009,1344,627,599,155,431,28,50,40,4,1165,2015,1.229139256284191
Indians,81,80,3.68,637,161,11,1,38,61.0,12.0,1432.2,5904,1274,640,586,161,425,27,48,48,5,1407,2015,1.1862868314481216
Nationals,83,79,3.62,630,162,4,3,41,77.0,23.0,1434.2,5975,1366,635,577,145,364,37,55,39,4,1342,2015,1.2062473853019104
Astros,86,76,3.57,644,162,5,3,39,79.0,19.0,1441.0,5965,1308,618,572,148,423,17,43,61,2,1280,2015,1.2012491325468424
Dodgers,92,70,3.46,677,162,6,3,47,87.0,21.0,1445.2,5932,1317,595,555,145,395,32,38,52,10,1396,2015,1.1846111264876833
Mets,90,72,3.45,647,162,1,1,50,71.0,21.0,1462.2,6046,1341,613,561,152,383,43,44,46,2,1337,2015,1.1790452742442894
Cubs,97,65,3.36,714,162,6,4,48,89.0,19.0,1461.1,5997,1276,608,546,134,407,38,46,66,3,1431,2015,1.1518718773526795
Pirates,98,64,3.23,662,162,0,0,54,99.0,14.0,1489.2,6215,1392,596,534,110,453,38,75,67,4,1338,2015,1.2389202256244964
White Sox,76,86,3.98,576,162,7,4,37,61.0,15.0,1452.2,6181,1443,701,643,162,474,34,62,61,2,1359,2015,1.3200661065968875
Phillies,63,99,4.69,665,162,1,1,35,53.0,16.0,1436.1,6332,1592,809,749,191,488,37,61,60,7,1153,2015,1.4483671053547804
Cardinals,100,62,2.94,677,162,1,0,62,84.0,15.0,1464.2,6134,1359,525,478,123,477,37,45,48,5,1329,2015,1.2539270591449254
Diamondbacks,69,93,5.09,737,162,2,2,31,69.0,22.0,1451.1,6437,1563,890,821,202,603,57,57,69,7,1318,2016,1.4926607401281786
Reds,68,94,4.91,646,162,2,1,28,57.0,25.0,1442.0,6348,1457,854,787,258,636,31,78,61,12,1241,2016,1.4514563106796117
Phillies,71,91,4.64,667,162,4,3,43,80.0,20.0,1437.0,6163,1468,796,741,213,466,30,51,57,9,1299,2016,1.3458594293667363
Athletics,69,93,4.51,654,162,2,1,42,66.0,23.0,1433.1,6144,1459,761,719,185,464,28,50,70,3,1188,2016,1.3418463470797573
Braves,68,93,4.51,748,161,1,1,39,64.0,19.0,1447.2,6250,1414,779,725,177,547,55,70,83,4,1227,2016,1.3550304035378662
Padres,68,94,4.44,672,162,1,0,35,74.0,18.0,1440.0,6228,1425,770,711,183,569,44,53,67,3,1222,2016,1.3847222222222222
Rangers,95,67,4.38,641,162,1,0,56,103.0,17.0,1443.0,6186,1441,757,703,201,534,16,53,45,5,1154,2016,1.3686763686763688
Angels,74,88,4.28,689,162,4,3,29,83.0,21.0,1421.1,6120,1480,727,676,208,498,27,56,47,10,1136,2016,1.3918795299415947
Tigers,86,75,4.24,637,161,3,1,47,75.0,19.0,1428.0,6048,1417,721,673,182,462,25,51,44,4,1232,2016,1.3158263305322129
Pirates,78,83,4.22,687,162,5,1,51,89.0,20.0,1450.2,6292,1491,758,681,180,533,28,68,71,7,1232,2016,1.3956695628189215
Orioles,89,73,4.22,605,162,1,0,54,58.0,14.0,1432.0,6122,1408,715,671,183,545,23,51,59,3,1248,2016,1.363826815642458
Royals,81,81,4.21,634,162,3,0,41,78.0,19.0,1440.0,6182,1433,712,674,206,517,8,60,55,7,1287,2016,1.3541666666666667
Rays,68,94,4.2,647,162,1,1,42,75.0,18.0,1426.1,6076,1395,713,665,210,491,25,32,61,7,1357,2016,1.3224879040740483
White Sox,78,84,4.12,643,162,7,1,43,86.0,28.0,1446.2,6195,1422,715,662,185,521,30,68,72,2,1270,2016,1.3435209514589959
Brewers,73,89,4.1,675,162,0,0,46,88.0,22.0,1434.1,6188,1450,733,653,178,532,33,66,48,2,1175,2016,1.382051460846524
Cardinals,86,76,4.08,643,162,2,2,38,70.0,17.0,1448.1,6164,1432,712,656,159,475,35,52,50,1,1290,2016,1.3168980042814724
Astros,84,78,4.06,662,162,2,1,44,102.0,20.0,1468.0,6180,1441,701,663,181,453,19,39,98,2,1396,2016,1.2901907356948228
Marlins,79,82,4.05,720,161,0,0,55,97.0,29.0,1435.0,6164,1358,682,646,152,595,62,61,66,3,1379,2016,1.3609756097560977
Red Sox,93,69,4.0,625,162,9,1,43,81.0,18.0,1439.2,6073,1341,694,640,176,490,16,65,52,0,1362,2016,1.2722345747637576
Mariners,86,76,4.0,638,162,2,2,49,97.0,25.0,1457.0,6147,1410,707,647,213,460,30,55,52,7,1318,2016,1.283459162663006
Indians,94,67,3.86,665,161,5,3,37,54.0,11.0,1445.0,6033,1330,676,619,186,461,34,34,49,7,1398,2016,1.2394463667820068
Blue Jays,89,73,3.79,649,162,0,0,43,72.0,22.0,1459.1,6113,1340,666,615,183,461,10,59,50,7,1314,2016,1.234322527585498
Dodgers,91,71,3.7,768,162,3,3,47,100.0,22.0,1453.0,6014,1266,638,598,165,464,51,53,58,5,1510,2016,1.1906400550584997
Giants,87,75,3.69,737,162,10,3,43,125.0,30.0,1460.1,6048,1333,631,599,158,439,30,46,40,6,1309,2016,1.2136155057872748
Mets,87,75,3.58,700,162,1,1,55,100.0,16.0,1447.0,6067,1398,617,576,152,439,39,35,50,7,1396,2016,1.2695231513476157
Nationals,95,67,3.52,670,162,1,0,46,91.0,14.0,1459.2,6036,1272,612,571,155,468,43,57,47,4,1476,2016,1.1924342105263157
Rockies,75,87,4.92,695,162,2,2,37,73.0,28.0,1429.1,6289,1532,860,781,181,547,38,70,72,5,1223,2016,1.454761738156882
Twins,59,103,5.09,695,162,4,1,26,46.0,20.0,1443.0,6314,1617,889,816,221,479,26,41,83,7,1191,2016,1.4525294525294525
Yankees,84,78,4.16,645,162,0,0,48,80.0,16.0,1428.1,6023,1358,702,661,214,444,15,57,52,2,1393,2016,1.261816399411806
Cubs,103,58,3.15,665,162,5,2,38,74.0,15.0,1459.2,5933,1125,556,511,163,495,24,63,80,0,1441,2016,1.1101973684210527
Dodgers,104,58,3.38,698,162,2,0,51,97.0,16.0,1444.2,5925,1226,580,543,184,442,33,40,40,10,1549,2017,1.154964686331533
Red Sox,93,69,3.73,677,162,5,1,39,83.0,18.0,1482.1,6217,1384,668,615,195,465,18,49,43,3,1580,2017,1.247554146143985
Yankees,91,71,3.75,639,162,2,1,36,70.0,23.0,1448.2,6078,1248,660,603,192,504,18,53,83,4,1560,2017,1.2097776550200248
Nationals,97,65,3.88,649,162,3,1,46,88.0,17.0,1446.2,6068,1300,672,624,189,495,39,60,44,5,1457,2017,1.241183792006638
Cubs,92,70,3.95,693,162,2,1,38,90.0,19.0,1447.1,6108,1294,695,636,194,554,29,66,73,4,1439,2017,1.2770368322852603
Rays,80,82,3.99,673,162,0,0,53,93.0,22.0,1445.0,6099,1324,704,640,193,503,37,48,83,4,1352,2017,1.2643598615916956
Brewers,86,76,4.0,712,162,1,0,54,101.0,25.0,1445.2,6164,1381,697,642,185,553,45,64,50,2,1346,2017,1.3382230833102684
Cardinals,83,79,4.01,708,162,3,3,43,90.0,17.0,1450.1,6153,1393,705,647,183,493,50,67,38,0,1351,2017,1.3005999586235433
Astros,101,61,4.12,681,162,1,0,45,91.0,21.0,1446.0,6111,1314,700,662,192,522,17,70,86,4,1593,2017,1.2697095435684647
Angels,80,82,4.2,705,162,1,1,43,77.0,21.0,1440.2,6030,1373,709,672,224,470,25,44,57,6,1312,2017,1.279683377308707
Pirates,75,87,4.23,664,162,2,1,36,82.0,21.0,1440.2,6208,1464,731,677,182,511,32,58,58,2,1262,2017,1.371337314261908
Blue Jays,76,86,4.42,740,162,2,0,45,79.0,26.0,1465.0,6316,1460,784,720,203,549,25,48,53,4,1372,2017,1.3713310580204778
Mariners,78,84,4.46,689,162,1,0,39,93.0,26.0,1440.1,6132,1399,772,713,237,490,28,53,73,7,1244,2017,1.3117144642733145
Giants,64,98,4.5,664,162,3,2,32,66.0,22.0,1452.0,6287,1515,776,726,182,496,42,50,55,3,1234,2017,1.3849862258953167
Indians,102,60,3.3,659,162,7,3,37,87.0,10.0,1440.2,5866,1267,564,529,163,406,15,45,48,1,1614,2017,1.1616442160810998
Rockies,87,75,4.51,711,162,1,1,47,111.0,14.0,1437.2,6177,1453,757,721,190,532,20,50,69,10,1270,2017,1.3811578068466461
Phillies,66,96,4.57,668,162,1,0,33,73.0,24.0,1441.0,6235,1471,782,731,221,527,39,63,50,11,1309,2017,1.3865371269951423
Twins,85,77,4.6,682,162,6,3,42,82.0,20.0,1436.0,6205,1487,788,734,224,483,37,69,52,8,1166,2017,1.371866295264624
Royals,80,82,4.63,700,162,1,1,39,94.0,21.0,1437.2,6218,1480,791,740,196,519,24,52,48,6,1216,2017,1.390898970219872
Athletics,75,87,4.67,687,162,1,1,35,95.0,25.0,1431.0,6167,1444,826,743,210,502,17,61,84,3,1202,2017,1.3598881900768693
Padres,71,91,4.7,679,162,2,1,45,81.0,17.0,1430.2,6169,1417,816,747,226,554,28,75,73,11,1325,2017,1.3781289330163613
Rangers,78,84,4.7,626,162,2,1,29,66.0,21.0,1434.1,6211,1443,816,749,214,559,22,74,63,7,1107,2017,1.3959974897148038
Braves,72,90,4.72,692,162,0,0,36,81.0,23.0,1441.1,6306,1463,821,756,192,584,39,70,58,5,1258,2017,1.4204427173686769
White Sox,67,95,4.78,682,162,0,0,25,55.0,15.0,1421.2,6200,1384,820,755,242,632,36,68,67,5,1193,2017,1.4185195609344217
Marlins,77,85,4.82,742,162,1,1,34,98.0,26.0,1442.2,6318,1450,822,772,193,627,59,75,57,3,1202,2017,1.4401608653446123
Orioles,75,87,4.97,654,162,1,1,35,58.0,17.0,1441.0,6293,1505,841,796,242,579,21,60,53,6,1233,2017,1.4462179042331713
Mets,70,92,5.01,730,162,2,0,34,73.0,20.0,1434.2,6378,1538,863,799,220,593,51,55,55,5,1374,2017,1.4858457676753591
Reds,68,94,5.17,666,162,2,1,33,57.0,14.0,1430.0,6286,1442,869,821,248,631,37,77,62,7,1300,2017,1.4496503496503497
Tigers,64,98,5.36,672,162,2,1,32,75.0,23.0,1420.1,6298,1587,894,846,218,538,42,61,53,4,1202,2017,1.4963734948243081
Diamondbacks,93,69,3.67,675,162,2,1,43,92.0,19.0,1441.0,6072,1309,659,588,171,516,45,38,82,5,1482,2017,1.2664816099930605
Mets,77,85,4.07,663,162,3,1,41,65.0,17.0,1460.2,6178,1364,707,661,185,484,32,71,26,2,1446,2018,1.2655800575263663
Royals,58,104,4.95,645,162,2,0,33,52.0,24.0,1432.0,6284,1542,833,787,205,549,28,51,68,4,1157,2018,1.460195530726257
Orioles,47,115,5.19,652,162,2,0,28,54.0,18.0,1431.0,6340,1552,892,825,234,589,29,67,81,8,1203,2018,1.496156533892383
Astros,103,59,3.11,672,162,3,2,46,105.0,21.0,1455.0,5913,1164,534,503,152,435,4,66,67,4,1687,2018,1.0989690721649485
Dodgers,92,71,3.4,756,163,0,0,48,89.0,26.0,1476.0,6096,1279,610,557,179,422,39,61,39,10,1565,2018,1.1524390243902438
Cubs,95,68,3.65,763,163,1,0,46,103.0,19.0,1476.1,6264,1319,645,598,157,622,33,66,46,3,1333,2018,1.3149515615473206
Diamondbacks,82,80,3.73,735,162,2,1,39,111.0,27.0,1463.0,6139,1313,644,606,174,522,43,57,69,5,1448,2018,1.254272043745728
Brewers,96,67,3.73,722,163,0,0,49,92.0,25.0,1461.0,6114,1259,659,606,173,553,34,61,50,5,1428,2018,1.2402464065708418
Rays,90,72,3.75,715,162,0,0,52,113.0,21.0,1448.1,5992,1236,646,603,164,501,34,53,55,6,1421,2018,1.199502796768179
Red Sox,108,54,3.75,697,162,2,0,46,106.0,20.0,1458.2,6166,1305,647,608,176,512,8,84,51,3,1558,2018,1.2460567823343849
Indians,91,71,3.77,670,162,5,2,41,76.0,17.0,1457.1,6071,1349,648,611,200,407,29,59,54,2,1544,2018,1.2051334843181662
Yankees,100,62,3.78,670,162,2,2,49,76.0,17.0,1456.1,6141,1311,669,611,177,494,9,58,73,4,1634,2018,1.239612663965387
Athletics,97,65,3.82,740,162,2,2,44,84.0,18.0,1465.2,6099,1303,674,622,184,474,19,53,86,2,1237,2018,1.2128037128037128
Cardinals,88,74,3.85,727,162,1,1,43,89.0,21.0,1455.1,6271,1354,691,623,144,593,49,67,63,4,1337,2018,1.3380523675348774
Giants,73,89,3.95,711,162,1,1,36,82.0,30.0,1461.1,6191,1387,699,642,156,524,37,45,44,4,1269,2018,1.3079186913968928
Braves,90,72,3.75,715,162,2,1,40,97.0,20.0,1456.2,6155,1236,657,607,153,635,43,52,61,8,1423,2018,1.2848509820079659
Nationals,82,80,4.04,724,162,2,1,40,82.0,14.0,1446.0,6087,1320,682,649,198,487,37,76,42,6,1417,2018,1.2496542185338866
Rangers,67,95,4.92,668,162,1,0,42,90.0,14.0,1431.0,6231,1516,848,783,222,491,23,72,57,8,1121,2018,1.4025157232704402
Pirates,82,79,4.0,641,161,3,2,40,81.0,20.0,1434.0,6144,1380,693,638,174,497,43,69,95,6,1336,2018,1.308926080892608
Blue Jays,73,89,4.85,752,162,0,0,39,83.0,20.0,1433.2,6265,1476,832,773,208,551,19,67,71,5,1298,2018,1.4143176109405526
White Sox,62,100,4.85,715,162,0,0,34,67.0,19.0,1437.0,6339,1404,848,774,196,653,25,89,94,9,1259,2018,1.431454418928323
Marlins,63,98,4.76,707,161,1,0,30,80.0,22.0,1442.0,6236,1388,809,763,192,605,73,71,47,6,1249,2018,1.382108183079057
Tigers,64,98,4.6,704,162,0,0,37,75.0,24.0,1425.1,6130,1423,796,728,216,491,20,60,54,4,1215,2018,1.3430636446565154
Reds,67,95,4.65,706,162,1,0,38,74.0,19.0,1441.0,6279,1491,819,745,228,532,60,50,48,8,1258,2018,1.4038861901457322
Padres,66,96,4.41,697,162,0,0,36,83.0,17.0,1457.0,6254,1430,767,714,185,519,28,68,52,4,1399,2018,1.3376801647220316
Rockies,91,72,4.33,681,163,0,0,51,105.0,27.0,1452.1,6154,1377,745,699,184,525,24,52,70,8,1409,2018,1.3098271468907101
Angels,80,82,4.15,763,162,1,1,35,86.0,26.0,1437.1,6108,1353,722,663,205,546,17,65,87,3,1386,2018,1.3214111752835573
Phillies,80,82,4.15,758,162,0,0,44,104.0,20.0,1445.2,6138,1366,728,666,171,500,35,60,81,7,1465,2018,1.2911707722114585
Mariners,89,73,4.13,699,162,3,1,60,109.0,21.0,1448.2,6073,1396,711,664,195,400,21,72,57,3,1328,2018,1.2401601988675597
Twins,78,84,4.5,728,162,2,1,37,83.0,28.0,1443.1,6287,1425,775,722,198,573,34,80,59,0,1377,2018,1.384519437322431
Nationals,93,69,4.28,692,162,1,1,40,94.0,29.0,1439.1,6134,1340,724,684,202,517,41,61,53,5,1511,2019,1.290389826975193
Twins,101,61,4.18,686,162,1,0,50,102.0,22.0,1463.1,6246,1456,754,680,198,452,10,61,71,5,1463,2019,1.3040803772811156
Mets,86,76,4.25,664,162,3,3,38,59.0,27.0,1461.0,6232,1405,737,690,204,500,40,60,47,2,1520,2019,1.3039014373716633
Diamondbacks,85,77,4.25,719,162,0,0,45,90.0,24.0,1465.0,6230,1400,743,691,220,516,38,62,49,4,1427,2019,1.307849829351536
Braves,97,65,4.2,737,162,1,0,44,106.0,22.0,1450.2,6243,1421,743,677,203,548,33,69,70,3,1393,2019,1.3577437594814508
Reds,75,87,4.18,697,162,0,0,46,85.0,23.0,1438.0,6057,1270,711,668,214,536,31,58,35,8,1552,2019,1.2559109874826146
Astros,107,55,3.66,654,162,2,1,47,97.0,20.0,1462.1,5995,1205,640,595,230,448,0,41,41,8,1671,2019,1.1305656247862663
Athletics,97,65,3.97,709,162,1,1,45,109.0,30.0,1465.0,6153,1342,680,646,201,477,19,66,74,4,1299,2019,1.2416382252559728
Cardinals,91,71,3.82,704,162,1,1,52,97.0,21.0,1444.0,6068,1284,662,613,191,545,41,69,46,4,1399,2019,1.2666204986149585
Indians,93,69,3.79,684,162,6,5,42,77.0,16.0,1437.2,6008,1308,657,606,207,450,19,62,42,2,1508,2019,1.2232118007236292
Rays,96,66,3.67,765,162,0,0,46,116.0,24.0,1474.1,6086,1274,656,602,181,453,27,60,59,7,1621,2019,1.171562309205617
Yankees,103,59,4.31,707,162,1,1,50,101.0,25.0,1443.0,6133,1374,739,691,248,507,12,44,55,5,1534,2019,1.3035343035343034
Cubs,84,78,4.1,738,162,1,1,38,71.0,28.0,1442.0,6190,1376,717,657,195,534,16,80,60,1,1444,2019,1.3245492371705965
Giants,77,85,4.38,749,162,1,0,41,86.0,22.0,1469.0,6256,1395,773,715,227,519,26,65,53,4,1368,2019,1.302927161334241
Rockies,71,91,5.58,752,162,1,1,28,62.0,23.0,1448.2,6423,1576,958,898,270,589,33,57,63,7,1264,2019,1.49495925977075
Phillies,81,81,4.53,726,162,3,1,36,94.0,19.0,1453.2,6274,1452,794,732,258,546,38,71,45,7,1392,2019,1.374896779521057
Padres,70,92,4.63,705,162,0,0,47,96.0,25.0,1432.0,6160,1394,789,737,215,463,19,68,60,6,1475,2019,1.2967877094972067
Red Sox,84,78,4.7,794,162,1,1,33,82.0,28.0,1471.0,6399,1423,828,768,215,605,22,76,81,6,1633,2019,1.3786539768864718
Marlins,57,105,4.74,701,162,2,2,27,55.0,22.0,1444.1,6247,1340,808,760,236,615,52,90,71,6,1378,2019,1.3537843639637146
Blue Jays,67,95,4.79,753,162,1,0,33,72.0,10.0,1440.1,6313,1450,828,767,228,604,25,69,70,6,1332,2019,1.4262898409832652
White Sox,72,89,4.91,697,161,6,2,33,73.0,16.0,1412.2,6159,1438,832,770,238,582,30,51,71,5,1312,2019,1.430392295708823
Mariners,68,94,5.0,700,162,3,2,34,66.0,29.0,1439.1,6268,1484,893,799,260,505,25,51,75,4,1239,2019,1.3821138211382116
Rangers,78,84,5.09,661,162,4,1,33,58.0,14.0,1438.0,6354,1515,878,813,241,583,11,70,68,3,1379,2019,1.458970792767733
Angels,72,90,5.12,751,162,0,0,32,72.0,14.0,1442.2,6289,1417,868,820,267,576,11,82,98,9,1404,2019,1.381916516433227
Pirates,69,93,5.19,712,162,1,0,31,57.0,24.0,1440.0,6391,1511,911,830,241,584,22,85,50,4,1443,2019,1.4548611111111112
Royals,59,103,5.2,682,162,1,1,37,61.0,23.0,1425.0,6307,1525,869,824,221,582,25,81,59,5,1230,2019,1.4785964912280702
Tigers,47,114,5.26,738,161,0,0,31,65.0,25.0,1433.0,6341,1555,915,837,250,536,24,69,66,7,1368,2019,1.4591765526866713
Orioles,54,108,5.67,695,162,0,0,27,57.0,27.0,1443.0,6396,1544,981,909,305,561,11,80,75,6,1248,2019,1.4587664587664588
Brewers,89,73,4.4,750,162,0,0,50,104.0,27.0,1459.1,6251,1364,766,714,225,570,28,60,41,3,1497,2019,1.3254746076348434
Dodgers,106,56,3.39,707,162,3,1,44,74.0,28.0,1445.2,5913,1201,613,545,185,392,24,66,40,7,1519,2019,1.102269582064766
